state_fips,state_abbr,state_name,peak_year_2008,peak_employment_2008,trough_year_2008,trough_employment_2008,recovery_employment_2008,n_recovery_years_2008,recovery_ratio_2008,flag_implausible_2008,never_recovered_2008,peak_year_covid,peak_employment_covid,trough_year_covid,trough_employment_covid,recovery_employment_covid,n_recovery_years_covid,recovery_ratio_covid,flag_implausible_covid,never_recovered_covid,poverty_rate_2007,median_hh_income_2007,total_population_2007,pct_rural_2007,population_density_2007,poverty_rate_2019,median_hh_income_2019,total_population_2019,pct_rural_2019,population_density_2019,proprietor_share_2007,proprietor_share_2019,net_migration_rate_2007,net_migration_rate_2019,pct_hs_plus_2007,pct_bachelors_plus_2007,pct_hs_plus_2019,pct_bachelors_plus_2019,birth_rate_2007,birth_rate_2019,pre_unemployment_2007,pre_unemployment_2019,working_age_share_2007,working_age_share_2019,share_agriculture_2007,share_mining_2007,share_utilities_2007,share_construction_2007,share_manufacturing_2007,share_wholesale_trade_2007,share_retail_2007,share_transportation_2007,share_information_2007,share_finance_2007,share_real_estate_2007,share_professional_services_2007,share_management_2007,share_administrative_waste_2007,share_education_services_2007,share_healthcare_2007,share_arts_entertainment_2007,share_accommodation_food_2007,share_other_services_2007,share_agriculture_2019,share_mining_2019,share_utilities_2019,share_construction_2019,share_manufacturing_2019,share_wholesale_trade_2019,share_retail_2019,share_transportation_2019,share_information_2019,share_finance_2019,share_real_estate_2019,share_professional_services_2019,share_management_2019,share_administrative_waste_2019,share_education_services_2019,share_healthcare_2019,share_arts_entertainment_2019,share_accommodation_food_2019,share_other_services_2019,pop_trend_2007,pop_trend_2019
01,AL,Alabama,2007,2110785,2009,1959701,2009941.5,2,0.952224646280886,FALSE,FALSE,2019,2191973,2020,2113769,2238961,2,1.0214363954300532,FALSE,FALSE,16.6,40596,4672840,28.84438585528287,92.2555770336753,15.6,51771,4903185,23.15694798381052,96.80326342820663,0.19521156572615267,0.21579755856717553,3.5740577464668166,1.798830760005996,80.3890025027143,21.38647024041882,87.1111451052333,26.349455872487916,13.920710226,11.707442426,4.06809086963339,3.193505405463893,52.547872385958,51.28947816572289,0.41269211078954793,0.4662666281255188,0.8961397325569381,6.631863545762389,16.34521956265084,4.64252504884394,14.1978855769041,3.394813429500463,2.2276086959045385,4.141083818870535,1.556853417102286,5.76933122982249,1.0886713403612884,8.026077962241283,1.574788981410861,13.738874435958426,1.0074679278444705,8.85430633479488,5.015108826503308,0.36460634512845097,0.3447042520537538,0.909355064144446,5.200530646664495,15.015333141135978,4.282930429674817,12.971729361103009,3.9519301902810686,1.8400906625634237,3.996112836906896,1.336567707773587,6.150144801942899,1.115654474644449,9.0853623517223,1.444721367853798,15.043650976425118,1.2065786084342796,11.088707040621308,4.6407132000348,0.6934609863910257,0.25785813774621413
02,AK,Alaska,2008,332562,2009,330815,336761.5,2,1.012627720545342,FALSE,FALSE,2018,332825,2020,316966,340448,2,1.022903928490949,FALSE,FALSE,9.8,62854,680300,31.812252602092496,1.190914598481305,10.2,77203,731545,31.810721609001828,1.2806226957901017,0.2122116022953593,0.21152873608710757,-3.52050565926797,-10.257742175806,90.48499589870512,25.98442930363332,93.57721595346013,30.194108970412636,16.214800878,13.678474709,6.2485543685910345,5.61397219898833,54.970895193297075,53.56088825704502,0.27266669664501414,4.330372290195854,0.7051724913233124,6.990405566161532,4.122295305799584,3.6480923551126025,14.264515311440965,7.951484132596956,2.753238683514498,3.192285208547099,1.9336034109908795,5.603770731049256,1.3289946488649789,9.29560422040626,1.1299111687058756,15.857591948360934,1.8825039550978864,10.410389950167811,4.318926012075823,0.19473829211498617,3.925335225364285,0.7895203626057191,6.0821750304750335,4.654849021213642,3.239599805261708,12.62817440399138,7.405338697442361,2.4689494322020145,2.7440738797830706,1.7198108472247906,7.295892758075412,1.9379479263768489,8.243543633076827,1.142766566907322,19.467790814843887,2.083246845881247,10.215080140845602,3.749466922795325,1.1501732041530266,0.021538556343725368
04,AZ,Arizona,2008,2846866,2011,2729837,2812388.5,2,0.987889314073792,FALSE,FALSE,2019,3270898,2020,3202106,3500456,2,1.0701819500332936,FALSE,FALSE,14.1,49923,6167681,10.816253304929356,54.26650303050279,13.5,62027,7278717,4.846595904195754,64.04198241424487,0.1997070762020337,0.2222103747798433,9.088018657255455,9.16562630474574,83.46693000803518,25.334429225984923,87.60252723205798,30.17789319127765,16.459326698,11.351869511,3.7152187785268778,4.806476970219593,51.08822910912546,49.95391358119844,0.05944039509352607,0.46221250544385006,NA,9.86868622584272,7.174942358623163,4.122309947759837,14.240279789974498,3.518172580133265,2.191807374851763,6.051065497159215,2.321003922899693,5.736892436178527,2.6775631018651973,11.17234012551116,1.857709926712364,11.474034447144012,1.9815822126385505,10.608966639754186,3.8207820093182905,0.08762197181180896,0.4094634789250226,0.4785360590612631,6.640185019664267,5.926090809407486,3.822628039566426,12.53407255527623,3.9356454671979826,2.236788912894734,6.764676297816794,2.04467840900529,6.163484776686359,2.224473646668893,11.582928593256206,2.5018348599291453,14.75009379872801,2.096501967191672,12.15218456376994,3.635986737758644,2.5794608061799673,1.5073889174078703
05,AR,Arkansas,2008,1289447,2013,1235445,1275027.5,2,0.9888172991988038,FALSE,FALSE,2019,1304288,2020,1258505,1331125.5,2,1.020576360435732,FALSE,FALSE,17.6,38239,2848650,40.59073596264897,54.79021271562229,16,49020,3017804,37.27581380367976,58.043677915523425,0.2044210797649268,0.2132290830605331,3.1867726817966404,0.7465693597065945,81.14334975104872,19.348913154403512,87.47859025679907,23.342856413298396,14.771027334,12.15753632,5.395385295565612,3.4908758340942354,51.66556087971495,50.19235841691509,0.5205045636265438,0.6170810437629144,0.6636239257563461,5.207566709040083,18.57041598670425,4.567214224280452,13.822945059036735,5.815145247729338,2.169964908606264,3.7223639517621816,1.3467376833474416,3.361947509325545,2.9412192489724203,5.765111649586399,1.274693180595109,15.537953296157209,0.8714185009895211,8.761891463938477,4.457741487258401,0.4475757342757579,0.3792290685963209,0.709666211971488,4.72493789471386,15.35104081529978,4.648807303220932,13.113826625392877,5.408214699659121,1.9865148231577487,3.7925754637368727,1.2540663892931152,3.765711427087872,3.5302002082674786,6.178918281119328,1.547292570242811,17.697514744369233,1.008303170620806,10.44992040461226,3.995052460812205,0.8832407234432349,0.31465047171137517
06,CA,California,2007,17105405,2010,16096144,16731733,2,0.978154741147608,FALSE,FALSE,2019,18621926,2020,17039766,18517491.5,2,0.994391852915751,FALSE,FALSE,12.4,59928,36250311,2.3193042399001764,232.58372509186012,11.8,80423,39512223,2.1190506036575063,253.512308128895,0.2224502582951353,0.23198419151617036,-5.277085760726301,-4.240788983196415,80.2297486147853,29.50280394596859,84.03172678227887,35.000849361820414,15.697234539,11.715706616,5.332155616858059,4.1100801293175095,53.0348663767326,53.40482108536389,0.19581531624750848,0.2167205817748781,NA,6.6843261337602975,10.189948190667058,5.957318113661035,12.438139220790536,3.3457211009574017,3.750247791658952,5.068608336691682,2.3291399360279996,8.884599884545425,2.1571416642159797,8.1837906133252,2.302505509506849,11.584624936009844,2.2118119470070763,9.830056674399945,4.222580446061293,0.18766727005474831,0.11637046344019884,0.3647138099910136,5.397451179442391,7.572026337348416,5.333585017140106,10.805542422856636,3.836661419888503,4.493780428262897,4.036470349860255,2.012422129683239,8.185850403407295,2.2967135542685795,11.002477053293896,2.8693887357361274,13.53864682618041,2.3860359568427145,11.608148677847993,3.941206009683425,0.9248378120145118,0.5784118686923856
08,CO,Colorado,2008,2577264,2010,2463009,2555061.5,2,0.9913852441969468,FALSE,FALSE,2019,3020217,2020,2870864,3103780.5,2,1.0276680450444455,FALSE,FALSE,11.5,55517,4803868,13.94511672677101,46.352761463486026,9.4,77104,5758736,12.424341035949556,55.566330327808686,0.2390529418436807,0.2496686842199192,5.1949803783118105,3.275371539865693,88.90733975423447,34.999113526093545,92.39687210609058,42.657265777144474,14.806619447,11.270545046,3.6682937819164914,2.665359511247628,55.029488736992775,54.36241564121016,0.0666724153961252,1.3697231119638928,0.4238323053866398,8.151473561545046,6.652644905316981,4.765439794664376,12.608023524186336,3.0809978317012883,4.002031003636634,5.061322724839955,2.3406642480252393,8.495000291450948,2.3850804091489586,9.343002118198052,1.8766550680429577,11.403150849711992,2.242582573352905,11.062610889859965,4.662396227805769,0.07274000562835396,1.0207052262824725,0.3882027760076856,7.074501292257132,5.197615065874384,4.199956978673714,11.341618442886764,3.384411723796616,3.8860711178105056,4.865736263096435,1.949343196969746,8.331702512380762,2.5672895594033944,11.231639112531498,2.162994219615784,12.982817346975084,2.386753636595946,12.346069371079963,4.600775030810386,1.5050016902829144,1.489185494453582
09,CT,Connecticut,2008,1791856,2013,1725770,1805333,2,1.0075212517077266,FALSE,FALSE,2019,1864181,2020,1727901,1848041.5,2,0.9913423106447282,FALSE,FALSE,7.9,65969,3527270,8.706733536134177,728.3996073923081,9.9,78920,3565287,5.058021976912378,736.2503156948292,0.214876901559097,0.23921668461764417,-3.882606094798527,-3.3545686504340324,88.03052084110311,34.65634387311576,90.7131412182245,39.8389694041868,12.013258204,9.6869650531,4.527401345720544,3.583012190082324,53.78230189353239,52.324819853212375,0.02104896613195363,0.13331011883570631,0.489583360402477,4.253905102945036,11.959515821806209,4.885893814462459,12.851043483006208,2.78229652016413,2.492548406125509,8.347929015610017,1.6521489435238048,6.663427031550062,2.7759298575686624,5.7817741939675225,4.035424630408739,16.335556901072458,1.4728429357330888,8.631830194611984,4.428403630816726,0.0217117011117821,0.04465849899339613,0.5046995432092104,3.764314934075085,10.37598295826478,4.718589701503113,11.685705575031804,3.0601147599914453,2.652792846319509,6.990062671410305,1.3293541548980363,6.906921157272673,2.131256983984695,5.774142404057358,5.247016103711726,19.19262374207019,1.9519079319864712,9.683743721320566,3.956144963957926,0.4767174234103333,-0.11669499200027689
10,DE,Delaware,2007,433960,2010,399918,414375.5,2,0.9548702645405106,FALSE,FALSE,2019,467640,2020,450194,484804,2,1.0367034470960568,FALSE,FALSE,10.3,55988,871749,21.476938889519804,447.3859645611404,11.2,70348,973764,0,499.7405748614731,0.17210492994577334,0.20624152867848217,5.125328506255815,6.549841645408949,87.42244330804012,26.113235819387217,90.32141199544311,33.20170926989383,13.930816255,11.017701237,3.409900284900285,3.561286756896654,52.82392064688345,51.223088962007225,0.03557758057312706,0.06106223048721099,0.6790019100871272,6.090579006199583,8.653174100530636,4.606413552787289,14.419265386041982,3.301397618573011,1.8308576215504255,12.586389178359749,1.4894642420082913,6.465026733650083,4.101767019835132,5.810500180411135,1.665585882008594,13.709984683977725,1.6923321482550584,8.319098095716308,4.474700807686776,0.0309619989840594,0.0916765438668634,0.6983382114607775,5.6108947533925155,7.186328342323601,4.077792022447449,13.788732735057208,3.3344621562129606,1.5268135749014295,10.086838731525605,1.454488280399603,7.638905686848407,1.5722890109092669,7.486030816864614,1.6833168041411677,17.44394184949566,2.1869330688662587,10.431049079606202,3.655209114438451,1.483326607561164,0.8903588938260043
11,DC,District of Columbia,2008,316700,2009,309461,321824,2,1.0161793495421534,FALSE,FALSE,2019,378727,2020,355967,380602.5,2,1.0049521159040682,FALSE,FALSE,17.1,54812,574404,0,9397.04871903936,14.1,90395,705749,0,11545.80702156202,0.08890084019969964,0.11950075173510952,-7.600921999150423,-9.479290796019548,85.73280999855368,47.47991361983751,91.85026081620128,59.6717774104465,15.109532146,13.49112056,5.538181818181818,5.54894669769089,56.67056636095849,59.18138034910429,NA,0.01077979733981001,NA,1.3905938568354914,0.39621255120403737,1.0788597174373122,4.385177558661897,0.793965073456619,5.095544203768969,4.015584507011268,2.1132802703309177,19.967484611289308,0.9750216695926116,7.422440458119388,10.198128275188427,13.942457881791825,1.573410419884106,11.47894419584912,14.741482860122227,NA,NA,0.42433617106571914,1.878122482631338,0.20838612322389596,0.6735674872264223,4.080359135140859,0.8193621342369702,4.702870131196272,3.827724052902089,1.9700241667391545,19.335282304576552,1.5502263504441915,5.745746237892993,10.43670318781603,13.862404647275286,2.231357762288541,14.29033368253452,13.956197312537585,0.05878260979894634,1.5222462503292622
12,FL,Florida,2007,8899131,2010,8205381,8592345.5,2,0.9655263530787443,FALSE,FALSE,2019,9923978,2020,9249306,10540806.5,2,1.0621553675350752,FALSE,FALSE,12.1,47804,18367842,6.420629053756016,342.3333919052515,12.7,59198,21477737,3.3455945568194636,400.2945233119341,0.2046235701787595,0.26682013042198877,1.4442088515351994,5.969623336015335,84.9105300624408,25.758044334470945,88.41012129418176,30.6993211664153,13.27863338,10.378480398,4.005745978931195,3.244862894332412,52.24131392245208,51.251689132798305,0.19736493901753335,0.08145091444408337,0.4072545722204168,6.885618971060011,4.8811830745323,4.303875477066275,13.84925466622296,2.9112237555470593,2.378331686493168,4.993676376177708,2.3762711722884813,6.183656997916995,1.932371769016088,18.179889893123956,1.719546239756854,12.15269730063212,2.1985821238137397,10.08649984761622,4.273317916736641,0.09112823618669076,0.041941110437174,0.31064186828911194,5.341125922427907,3.6604228286953946,3.755975423141335,12.306928116142114,3.3725686627670615,2.0084780636480053,4.243196589813006,2.087619900673157,6.046145153713718,1.7918538083679514,22.07029041171588,2.018545736013441,13.232172037107723,2.502685653183134,11.357846836391971,3.752183116061978,1.9479789636517086,1.5406717002453885
13,GA,Georgia,2007,4546123,2010,4199640,4351770,2,0.9572486270169108,FALSE,FALSE,2019,4959328,2020,4750652,5153355.5,2,1.0391237482175004,FALSE,FALSE,14.3,49080,9349988,19.310302858142705,161.99775261182296,13.5,61950,10617423,16.994199063181338,183.9573125151689,0.20716263307254568,0.24675089849313203,9.77648313559333,3.365034999547442,82.89771286910316,27.073809108358052,87.9096305172352,32.50700331147809,15.897499593,12.104283142,4.558840108471633,3.600503677866981,53.79517064620832,52.56831153849668,0.22511126740411871,0.175665178715816,NA,6.1160206971898505,11.220890808015968,5.648722268117305,13.31566174709148,4.558468903508315,3.329497880999381,4.8259821106024585,1.7727409523799085,6.216283331570012,3.121901054100709,9.937293369345287,1.965125706539108,11.364158383167718,1.2231328756737851,9.866824470222436,4.484381997896074,0.184355679498802,0.12780409839331636,0.6135784677318163,4.93253532493895,9.732811722338418,5.111470962309918,11.820196165926546,5.322803107193831,2.9779542880081693,4.526650891621679,1.69704241418081,7.2909961220712285,3.607421646361308,9.867199068247736,2.2650083812660573,13.098385644164582,1.4021574737554878,11.340534812138618,4.069362679767824,1.844181703045722,1.0023782010510907
15,HI,Hawaii,2007,639765,2009,615747,621086,2,0.9708033418520864,FALSE,FALSE,2018,676788,2020,588617,657546.5,2,0.9715693836179128,FALSE,TRUE,8.5,62613,1315675,29.66842115264028,204.85122196846507,9,83734,1415872,19.338330018532748,220.4519424257013,0.19240698118226715,0.20478823216612743,-5.572044767894806,-6.3600381955431,89.42114443462695,29.22707857401193,92.3767994959204,33.63296503951165,14.969258718,11.900728548,2.757089180184343,2.522032381937223,53.816634047162104,51.46524544591602,0.06087928177859977,0.03101760875428659,0.5852887912765383,6.595576619273301,2.8466843910145263,4.08045312680615,13.66874735098062,5.996223943282087,1.9602743420799136,3.970253920548684,3.077871537009209,4.741648364350942,1.2493738681462645,8.832504912726852,3.5036411975494164,12.555581243016222,2.231341270758679,19.032481794012252,4.974569413940585,0.0234993835930919,0.02874155377924317,0.6653940846628561,5.583634306207814,2.2443718976294544,3.380476712110859,12.941472073694069,5.9695664906020545,1.5372212159665657,3.877036763881809,2.6116853396383988,4.167706062479438,1.4526234350314349,11.911295249870754,3.3056402135913205,13.22870684699732,2.1787543880579747,20.08564621497236,4.789716669739663,1.161340927599852,0.21439653132839798
16,ID,Idaho,2007,732588,2010,695539,722369,2,0.986050822563296,FALSE,FALSE,2019,863554,2020,852449,932617.5,2,1.079975890332278,FALSE,FALSE,12.1,46136,1505105,34.73060019068437,18.211607455120777,11,60830,1787065,32.373976324308295,21.623292910983228,0.24794081067938187,0.2482067292321002,9.760780809312308,12.927901335429882,88.35562940015706,24.464054132038797,91.46829581971602,28.749433175319833,16.79748473,12.562185504,2.978243249686124,2.8889708561429708,50.45315775311357,49.45472044945203,0.6649637033758707,0.5419242995476925,0.6355811591780968,9.241728354706073,11.999096486765918,4.426113001592166,15.17332946463168,3.150359660705071,2.6973175573556443,4.21382411976325,1.6786614781990703,5.993855375444641,1.7561579385206991,7.088355146811718,1.7499141478786722,13.371628582604432,1.474820077827014,10.348899348258442,3.784471692673279,0.6159428513987204,0.29167707019381367,0.6198340407731793,7.878847818826222,10.293006559896751,5.333199303477102,13.65175152161718,3.458456689440933,2.1025393253326157,3.7943960387692166,1.4223918492553236,5.950439218000642,1.3873711448851938,7.202267266342185,2.512897671447426,16.676502728696548,1.7440635042105912,11.473171870592012,3.5784350284867488,2.121285432445319,1.6346125211172513
17,IL,Illinois,2007,6276775,2010,5914282,5998652,2,0.9556901434255648,FALSE,FALSE,2019,6284394,2020,5737298,6207841.5,2,0.9878186345413734,FALSE,FALSE,11.9,54141,12695866,13.287900171599164,228.70043909110353,11.4,69212,12671821,11.389333861329009,228.26729793649892,0.18593906359222576,0.2004844788258094,-2.585014681156842,-6.479494936047471,85.69249718760783,29.465479718879276,89.84855591237599,35.75711807684089,14.217747767,11.364411394,5.091623056440529,3.9880942923247846,53.10317547459937,52.504711043503534,0.03071147256880166,0.2124241058015787,0.513148326039513,4.669570117181494,12.019559021782175,5.611993700628714,12.357737160918855,4.2825277653569405,2.3111401884254423,6.493735267106457,1.631894290296397,7.310960513344672,3.3968037099755235,8.586079367484441,2.626071706287183,13.05250550417013,1.3560467333032764,8.70899935057646,4.823294188863331,0.03381317911148368,0.13487299625270416,0.5223503305735511,3.9406457557769903,9.893211832515188,5.848920545900215,10.519460840722209,5.28349909626594,2.3567243383285224,6.175678813132098,1.48873822234534,7.252547199220019,3.646091377313852,9.021247695460064,3.14359498827207,14.807568655219129,1.6213328974386607,9.834228629166706,4.469957623226436,0.2979977693962077,-0.23529229734855495
18,IN,Indiana,2006,3085025,2010,2861073,2935742,2,0.9516104407581786,FALSE,FALSE,2019,3279994,2020,3082456,3296355,2,1.0049881188807053,FALSE,FALSE,12.3,47422,6379599,21.984986830676977,178.07600839924007,11.9,57617,6732219,21.675973404905573,187.91881545995656,0.17486503465429973,0.18036056948040316,0.4066086285360569,0.6246083200799023,85.7551998675522,22.069912072323067,89.60281118565798,26.939625923058895,14.198976535,12.021553033,4.640406447697759,3.3195072115526325,52.239772437107725,50.7820229852891,0.08277261057337025,0.2478646969906945,0.5731776714841182,5.405821799481085,20.551925652674495,4.341521603764643,12.612514297344743,4.367388044568822,1.7206658512758952,4.15358397473925,1.343733278856469,3.9409127417332175,2.271488876108811,6.577930299571146,2.136945622699633,13.809356401415442,1.279048296232298,9.580967435095058,4.999171141057443,0.04322426938634945,0.22448391986608593,0.5319584369539628,5.071071284406519,18.434427548361786,4.495500441769676,11.577505878500636,4.857561036196885,1.4948540184103631,3.8860558859810816,1.2272163993936605,4.689145168620521,1.7700073675326105,7.796529073525718,2.3879909218448754,15.6566419294467,1.3874108345071516,9.97492639524413,4.487314294424669,0.6614753479836866,0.4197201747557333
19,IA,Iowa,2008,1619951,2010,1574861,1588874.5,2,0.9808163950638014,FALSE,FALSE,2019,1689021,2020,1578418,1654352,2,0.9794739082580974,FALSE,TRUE,11,47324,2999212,44.39766178582908,53.69767011375134,11,61807,3155070,39.94475558386977,56.48814023343247,0.20763409082132775,0.20532847709104393,-0.24239700294610717,-1.6972682064106344,89.62641227343356,24.290849825472684,92.6292649472163,29.31002485157823,13.747011245,11.952368201,3.7146320026792417,2.6748244394364313,50.87329605242977,49.493989039862825,0.12213871643870508,0.14477120472351537,NA,4.888233868022672,17.347687189858192,4.927668101847732,13.84348752067612,4.05067836088615,2.6615806222936915,7.271396524263562,1.0755418754737478,3.4593950144080723,1.5156862323888554,5.598280237771552,2.685824236863183,15.271482450998745,1.6462641817473205,8.72394195035276,4.233042512252232,0.183451421585562,0.16491073310316806,0.573023153408988,4.742939872402403,15.840266174759025,5.008013778049128,13.55976149142457,4.715273688807581,2.1233433786204134,6.7514178919092345,1.0878169570529577,4.332147743214361,2.073153155502058,6.661611432072639,2.5161017912767507,15.764582504977378,1.3159543348636644,8.847746908014285,3.727909602555718,0.33865278309961333,0.3623529808946424
20,KS,Kansas,2008,1424555,2010,1396231,1409826.5,2,0.9896609818504726,FALSE,FALSE,2019,1454674,2020,1414287,1475859,2,1.0145634004594843,FALSE,FALSE,11.2,47341,2783785,36.55397237933246,34.04883025835234,11.3,62028,2913314,31.303628788383264,35.633116018399946,0.20546860809664136,0.2143227658815837,-0.2421163990753596,-3.5838910601466236,89.1343209208943,28.80319716482895,91.77526913618352,34.01780216789594,15.081483763,12.174760712,4.268125707363596,3.1688521240062597,50.992048595706926,49.5455347415349,0.06851430032871468,1.0282277206635195,0.5618856914598336,5.745107984866979,15.06416479699324,4.838940072654241,12.802166454680057,4.107265509593285,3.899584209720477,5.150889702240786,1.290652032034926,5.0782696760496755,2.2891132401960825,6.22351058379145,1.559577076021791,15.30486297567614,1.2534438914069723,9.107355322346525,4.616974268218517,0.07971435139475308,0.501439654416787,0.5714791312127993,5.401474219353387,14.121513117310748,5.206322902660839,12.155363601633317,5.184740490094417,2.4787524869389195,5.271566287775424,1.2043978506893969,5.493344182423482,2.386634450161165,6.92042953135569,1.7695924479748089,15.71753666115943,1.3816051691945377,10.045000570569528,4.100575696384243,0.47114717850542664,0.13834256764171382
21,KY,Kentucky,2007,1923417,2009,1841499,1881845.5,2,0.97838664210621,FALSE,FALSE,2019,1979480,2020,1879781,1967179,2,0.993785741709944,FALSE,FALSE,17.2,40299,4256672,42.46756621135009,107.80364811646788,16,52256,4467673,40.88645252237574,113.14741845071556,0.19184147591390505,0.2001211298179797,3.0422827974530335,-0.23725997851678043,80.13247061822673,20.004676013529455,87.18515884507562,25.12506388509278,13.949133353,11.977162507,5.375410418353683,4.097005683987357,53.67249344088528,51.48729551155601,0.11695325482262842,1.420146665703345,0.5490932736073983,5.37288284289946,16.06478423317886,4.331205424876402,13.924468710972576,5.642784893742195,2.37835055270573,4.303144384695573,1.3037094759874903,4.177869580026216,2.117608657508231,5.941070525457492,1.8458358706534417,15.046716793790704,1.1279247989926409,9.815042265732243,4.513569931982619,0.09366166717767575,0.6417714235313389,0.5099490770935723,4.51736040901528,15.162629894812127,4.258635803717306,13.06751260172431,6.745500069901245,1.8032720982433488,4.528040599122664,1.0818192563827635,4.456819331384098,2.437303384000235,7.379471354590112,1.8018920736789117,15.620798050205291,1.212201577188074,10.725370911602226,3.94483021797788,0.7170228266116352,0.26278979102047906
22,LA,Louisiana,2008,1980833,2011,1930910,1986620.5,2,1.0029217505968449,FALSE,FALSE,2018,2002600,2020,1872061,1999735,2,0.998569359832218,FALSE,FALSE,18.8,40866,4375581,26.115274748656237,101.25637735015796,18.8,51108,4648794,15.968700699579289,107.5788654094508,0.1957109220474056,0.24025297728577527,3.5483287819377587,-4.076541141638025,79.90835715915944,20.3910060514317,85.96128082246965,24.97531208989488,14.984595162,12.568749111,4.08481775862619,4.643851252578249,52.27575492260342,51.64993329452757,0.2611546571365567,3.555323904064694,NA,8.155570175518529,8.677211264337233,4.510825556100261,14.217832993449568,4.1886193915382,1.8036619969856955,3.9087544216782057,2.10533541576684,5.459523458054577,0.972511027238692,7.114839404161587,1.8244377338409417,15.708886973309252,1.7523301325334066,10.373957188617569,4.702788504821247,0.22755808023094268,2.4301551384335887,0.6856401139593187,8.517929866983492,7.060639314336624,4.298248215678304,13.016694377227676,4.236662729615292,1.3156264883886062,3.712982557757474,1.7972028907378104,5.702560130172759,1.6888031305664644,6.564640626299387,2.612876193400525,17.757846334035257,1.564178298996081,12.487198767592426,4.3129031188774345,-0.3105269925863019,0.14782695077524277
23,ME,Maine,2006,670949,2010,640482,655072.5,2,0.9763372476894668,FALSE,FALSE,2018,677923,2020,638082,670612,2,0.9892155893810948,FALSE,FALSE,12.2,45832,1327040,41.80763202314927,43.022737658203894,10.9,58824,1344212,40.56555067206661,43.57945520331683,0.2327722661103082,0.2265785818583283,1.3209850494333253,4.02838242777181,89.43096747889902,26.74890916819195,93.20850888662888,33.19359694577623,10.892495492,8.9987250626,4.698711606909335,2.887297096651217,54.74024897516277,52.311168178828936,0.7336404724993996,0.02501047065338862,NA,5.572571056533588,11.627486904239673,3.66423244652027,16.766146144516853,3.006814360774054,2.681082754883493,5.341323450889162,1.4152750457036576,4.803796827640143,1.4907034492614963,4.704350432423098,2.8214192846608404,20.410132019555807,1.3791488103154297,9.362054352119635,3.799606581326706,0.6401872111928394,0.01589456731349257,0.40598171933258137,5.321807537854923,9.675769976885851,3.643877431820924,16.033979903904893,3.4784207311117963,2.07874130346942,5.423302967688068,1.3945089057452158,4.3901560923110505,1.7947456007476192,4.447606335612831,3.805887117931945,21.586928920643977,1.472832737446643,10.683830246021092,3.692710138627437,0.5498050603882865,0.17641262132850333
24,MD,Maryland,2008,2925331,2010,2847701,2927202,2,1.000639585742605,FALSE,FALSE,2019,3221712,2021,3008376,3132151,2,0.9722008050378184,FALSE,TRUE,8.3,67989,5653408,5.3712026444933745,582.1687965834009,9.1,86644,6045680,2.496857260060076,622.563637743523,0.2077291976085497,0.2306609506428123,-4.182432967866462,-2.632623625464795,87.43173195435988,35.24802968207509,90.3880103005408,40.87686532382313,13.90840371,11.603046712,3.449466283248793,3.380138074987554,54.653051752146666,53.3512855460428,0.04635623471260251,0.07529538701873587,0.4273437475577008,8.34153201550031,5.753755502569913,4.258164034082104,13.436073278578194,2.9459431819044553,2.771549061911476,5.409879773006291,2.24064066281377,10.981559775650116,2.4940815414207247,7.961527004739679,3.267176704339667,13.941391964294088,1.6622595493620211,8.566212378543762,5.411353526132992,0.04330358924172517,0.04410161852940002,0.440554168337978,6.813700062792305,4.173483166832223,3.794881272142688,12.107280337188374,3.418589462233264,2.1083513764955173,4.159706661234467,1.9996933887473671,12.18708326595586,2.271947380468863,8.96863114876316,3.595877968721452,16.731734054639805,1.886289226814624,10.295459843376252,4.947865586667031,0.8964515006120832,0.38070565396948197
25,MA,Massachusetts,2008,3261415,2009,3167782,3257346,2,0.9987523820182344,FALSE,FALSE,2019,3730081,2020,3395794,3666640,2,0.9829920583494032,FALSE,FALSE,10,62383,6431559,0.4027639332858487,824.457057417142,9.5,85700,6892503,1.4350519687840542,883.5451469260911,0.19073946605102987,0.21399187595501856,-4.2174844388429,-3.7846918601268658,88.39193494604203,37.899043328186195,91.32183476766473,44.97904991077348,11.982871079,10.224071802,4.497442237939258,3.044366766098185,54.1504633635484,53.386266208371616,0.03529670868764235,0.04762615808175888,0.4135082618696976,4.2137763867296085,8.832928153142822,4.65373278146848,11.94099040938001,2.559775870779563,3.514608770955591,6.988488067923229,1.6335056528410925,8.427487710401728,3.6893030803128624,6.567204770683627,6.033492510103479,16.513491963573795,1.651397993650496,8.247881140204058,4.012666476031908,0.03401870792694955,0.02388987388272759,0.3699239185771675,4.469857416727991,6.8931588142117874,4.457129931383793,10.725933240648104,3.021256967633798,3.640946712292683,5.5238467598952505,1.5414431728114926,9.330516552818178,3.2842227611142545,6.326062228248993,6.792756377621832,18.47032753637226,1.9534179942428065,9.34011384455104,3.7808604606936274,0.1574812845946738,0.48493940321145956
26,MI,Michigan,2006,4684107,2010,4161345,4295970.5,2,0.9171375675235428,FALSE,FALSE,2019,4771498,2020,4375767,4735410,2,0.9924367567585692,FALSE,FALSE,13.9,47931,10001284,18.726975456351404,176.66692103437222,12.9,59522,9986857,18.002010041797934,176.41207638944834,0.20051559671827032,0.20893958649437352,-6.634848085505821,-1.383718621384085,87.44522635261028,24.724238088353633,91.35142481239376,30.034909792799525,12.594367983,10.963135466,7.077602749272487,4.081392244651151,52.71924084947493,51.38753864203723,0.08401490356049086,0.17264005037639923,0.6130267575806637,3.8105016459924377,15.719437951685194,4.542391322328954,12.878985724788546,2.851110024540054,2.125186545357607,4.620467147813348,1.553001119204348,7.287194561214674,3.4373702521613225,8.431212865507543,1.7891811692715898,14.884170350115433,1.4680099288368276,9.088036934014672,4.621633268166189,0.1089504764164316,0.109880388210528,0.5824263761186588,3.97293504289658,15.426432416021424,4.596729927476933,11.5538021831313,3.224079588385854,1.6961339796806734,4.249244509499174,1.3876797243037726,7.253965445483042,3.133224692827515,9.33910414811032,1.759418247181613,16.14475157783412,1.2881037640818804,10.086828628817411,4.074144631945939,0.0699492064135665,0.1289916489362497
27,MN,Minnesota,2006,2772723,2009,2703127,2776210.5,2,1.001257788823478,FALSE,FALSE,2019,3002702,2020,2922199,3008105.5,2,1.0017995458756812,FALSE,FALSE,9.5,55664,5207203,27.33751689726711,65.39119501385645,8.9,74529,5639632,22.04445254583987,70.82156695607705,0.1987515341019025,0.1950105351652448,-0.21162992877366216,-0.8151241073885672,91.03836746405456,30.952211547097363,93.61381696667613,37.25362678219968,14.301199897,12.0296489,4.601142587594015,3.2978916977042645,53.14321335273466,51.740521367351626,0.08349499188408092,0.23722237618274675,NA,4.81143354843818,13.108872085197357,5.4328754107446855,12.492537313432836,3.1190862662813257,2.684943980363435,6.118769547488024,1.6107526030325825,5.589928342373016,4.8166198186784905,5.9517399738706995,2.38691159586682,16.100399857476543,1.604101508373253,8.70679757710123,4.648877627776238,0.09324325314535688,0.1906265800060086,0.4771709740530955,4.706091404034557,11.590301236160064,5.309333118391453,10.965150105150546,3.47670933751493,2.246154860739644,6.138959925551949,1.4170043452455101,6.746561540547076,4.736610708502172,6.3930432106454855,2.7072784694184113,17.60707403038008,1.8545698353496347,9.01869261601366,4.319965413897458,0.7737677615459848,0.6845411080847796
28,MS,Mississippi,2007,1220908,2009,1157723,1214427,2,0.9946916557185308,FALSE,FALSE,2019,1208961,2020,1148454,1212538.5,2,1.0029591525284935,FALSE,FALSE,20.7,36424,2928350,55.984906175832805,62.405457335773384,19.5,45928,2976149,53.16803694976293,63.4240918757678,0.20086818924706024,0.23919514242703155,1.3205388700121228,-2.702149657157622,78.49552825146638,18.89576143713721,85.30472847917626,22.314443259058105,16.188358124,12.078891836,6.131439726230666,5.489080470552919,51.221302098451346,50.65109307363307,0.5021629017728145,0.5938418914554757,0.8945872214573454,5.88923308347356,17.671417401798312,3.8756947631431338,15.308797783556848,3.6738522597861745,1.6697686672445735,3.744815834650621,1.1646312443696565,3.5729310081076946,0.8665417367803784,5.279031325956521,1.829436710689579,15.692086074142065,1.0795386942702223,12.23696734825693,4.447758910815359,0.46872749513112055,0.41549858786840144,0.9798293752596214,4.846439821067375,15.540857882992425,3.976199372525117,14.325568870900067,4.525396450988701,1.4175588596906878,3.376487017365148,1.0407816925957547,3.2766045384427516,0.8190989494074892,6.423476661733425,1.733801191075078,18.372427008556286,0.8802600075564174,13.587774468076224,3.979643595936234,0.3964723371440382,-0.036748036541645046
29,MO,Missouri,2007,2897235,2010,2749454,2793275,2,0.9641175120416536,FALSE,FALSE,2019,2969073,2020,2840458,2990694,2,1.0072820708685843,FALSE,FALSE,13.3,45012,5887612,27.08937001962765,85.64245485488424,12.9,57375,6137428,25.08260789373008,89.27633145918963,0.20428491753469835,0.20628580064149032,1.5439196740546082,0.07837159148750909,85.64209802969089,24.52558094730818,90.68473824831284,30.224251942744953,13.949237627,11.631732342,5.097368033149352,3.239900811115829,52.253715088562224,51.215297352571795,0.06351138627739056,0.16262332540085206,0.6639604821657504,6.031303260969954,12.340046716062604,5.1169996911906335,13.14364273807717,3.619701468004054,2.684200311901529,5.58090540953452,1.7328314808161844,5.907657455142286,2.916560034534571,6.413470109979262,2.7495018974077508,14.55757463808478,1.476710932055023,9.926247860406772,4.8483070614815436,0.07714019887646184,0.13810647310299884,0.6194377598329218,5.112098645237525,10.8924316239484,5.103815397419238,12.094523242165264,3.7600841672195378,2.230352803545701,5.4300418873242755,1.4176523469856437,6.480012248214783,3.5058159391671997,7.057366398278969,3.037400237898018,16.470355001943226,1.6674845228888513,10.544692243975016,4.333394836121242,0.6993460446842459,0.2659723702155059
30,MT,Montana,2007,490699,2010,465753,482233.5,2,0.9827480797800688,FALSE,FALSE,2019,523846,2020,511964,551771,2,1.05330765148536,FALSE,FALSE,14.1,43000,964706,64.99451646408336,6.627992601290773,12.6,57248,1068778,65.0243549174852,7.343017122752785,0.26656115438408257,0.2687222227894555,5.654572481149698,5.166648265589299,89.98797227539278,26.95879529311924,94.24732124806252,33.58016038816632,13.041548132,10.911773642,3.389353315718803,3.5062932760586576,52.71989600976878,50.14970368027785,0.4835969893190355,2.215049447862818,0.7761293586616432,8.221996738334742,5.7378740386708005,3.982962462585534,16.94907110373735,3.074557597786364,2.298145599154341,4.864516530198667,1.7000794218316766,5.019968513907299,0.8456587913749587,5.892195462497916,1.4934696034843855,16.395944681704997,3.027074082762636,12.747910584018973,4.259666993586899,0.2742712753481033,1.5315478602042774,0.8214811181951938,7.445572211442096,5.435582233405122,4.105806341557029,15.51645094568949,3.2379469902125937,2.259206345821694,4.412595688423567,1.6456276520886195,5.1301255943877,0.8350747382561784,5.198360236262448,1.69680363349468,19.225909972919375,2.7248544683028766,13.947320724140138,4.537070601531015,0.9364311790488689,0.9003154961270354
31,NE,Nebraska,2008,963909,2010,947677,979543.5,2,1.0162198921267465,FALSE,FALSE,2019,1016557,2020,999909,1036936.5,2,1.020047572344689,FALSE,FALSE,11.1,47072,1783440,42.13665724666936,23.217337945209874,9.9,63290,1934408,34.14052257848396,25.182683050687174,0.1989539939299803,0.20861926714624257,-2.340981474005293,-2.3795393732862973,89.60937616581039,27.52879359637088,92.03692491566872,33.228256681632686,15.332770405,13.131013243,2.962153025488034,3.102084546673771,50.93863544610416,49.45068465390962,0.0980459936270104,0.12683129175596602,0.1381442910206211,5.271731957337423,12.711914473725558,4.775468389594555,13.672011011319285,4.382278815151877,2.3849059449811136,7.576818407506804,1.3190957142587785,5.866795718658278,2.1111313627764616,8.314174559578653,2.162668359426557,14.300636670458616,1.3700042109497264,8.754375930965564,4.65819029721763,0.1688774902422446,0.1264829335631749,0.11655583351435692,5.672344967894591,11.656751245559082,4.717124364373623,12.820090581868213,3.857437500145987,2.4175408354180243,8.481714281710078,1.392480163318314,4.65464202877224,2.4247817789830446,7.865416552796989,2.222736095636514,16.059361722503684,1.789097007621677,9.254509823157472,4.287456116378314,0.570467954723286,0.6137598911649444
32,NV,Nevada,2007,1310637,2011,1182934,1249584,2,0.9534173077671392,FALSE,FALSE,2019,1483168,2020,1304124,1501650,2,1.012461164210663,FALSE,FALSE,10.6,54996,2601072,10.197449359341071,23.67616253544237,12.7,63268,3080156,9.15158193286314,28.03700708420145,0.1907714282064369,0.2242523215435312,12.664393757650693,10.14169412198603,83.68956015605261,21.770857921662916,86.85141724698637,25.69284978089986,16.096319478,11.766522358,4.770426624582574,4.132314738746518,54.541858126187975,53.28707377158819,0.01363097358601646,1.246690516689162,NA,10.86539120894192,4.149837013696201,3.367435854979821,12.057056077658082,4.030252398800474,1.4132727214949583,3.459507645889049,2.604435836582188,5.080506369762319,1.3875160352097249,9.038088117972311,0.7286298948157143,7.870841925864228,2.5696475849761584,26.7164573517778,2.92723067119583,0.02346269787733923,1.0711197176232603,0.3784945350145096,6.987524344530694,3.877607153586345,3.292466492334594,11.845571059079232,4.440236307415243,1.6321635540280142,3.2329378230579664,2.412298258449544,4.942940462611477,2.1329653283152754,10.1627566133498,1.103777256560638,10.891289235615425,2.725398449718091,25.926281154459858,2.913575627964048,3.6870547998881786,1.6646316000735517
33,NH,New Hampshire,2008,710631,2009,689189,698547.5,2,0.9829960978341784,FALSE,FALSE,2019,757400,2020,709276,743645,2,0.9818391866913124,FALSE,TRUE,7.3,62048,1312540,37.928748838130645,146.59040549523598,7.5,78571,1359711,36.94049691441784,151.8586761899316,0.22308306417281937,0.2179820195533425,-0.778642936596218,3.3323257662841588,90.52011147557816,32.51397072036126,93.29706557795356,37.5847920387854,10.944620055,8.8486703406,3.5311254091145683,2.562901860490247,55.131043625337135,53.4601102734331,0.1146178793424388,0.07449289875071745,0.5406404993641063,4.902051433246861,13.383251135275266,4.25743489721899,17.54421162263677,2.1857647036246814,2.3778412411528778,4.7987732223325175,1.2820803581241746,5.368722403172316,1.5980209661746414,6.274674682358442,5.16582956652809,14.57007827860344,1.8853507184988372,9.793984393127117,3.878864428157967,0.10755219587076968,0.04015066982282106,0.5535632510110229,4.79357073290291,10.95290923046162,4.045704039576628,15.839358621267923,2.4137163717984276,2.602214897994724,4.664733844595945,1.300139962977535,5.69446146503183,1.3667352506756278,9.48523293838404,4.3936765113744105,15.5961971349514,2.140079075857354,10.2371308234596,3.765616836836707,0.8168607840764341,0.3784214758982385
34,NJ,New Jersey,2008,4277491,2010,4142277,4199281.5,2,0.9817160340021756,FALSE,FALSE,2019,4529990,2020,4204301,4627487,2,1.0215225640674703,FALSE,FALSE,8.5,67142,8677885,0,1179.869538255377,9.1,85786,8882190,0,1207.6474180052544,0.192402088584537,0.2344157474735164,-5.937276191145654,-3.023240889915663,87.0157988667093,33.861580201151064,90.31502469057436,41.215807071584656,12.901566904,11.199886989,4.206507860358284,3.477687422560915,54.3082214157021,53.07748426908229,0.04489743639461569,0.05352735725878756,0.4704126167258244,4.836442517216828,7.983332236386641,7.355013915747393,12.745928848487264,4.764726782440515,3.11712195416365,6.023056636040462,1.6939496881075593,8.461992435710503,4.698391093266231,8.000728627495747,2.5020216135821847,13.835046709446678,1.3033092196230198,7.8406927532424335,4.262033892102503,0.02330924536121052,0.02998404617490553,0.5184796065126084,4.327925080353827,5.866098765503473,7.305543211845827,11.85271184806051,5.196227318488121,2.2892201704071393,5.18965763264787,1.6407658992310052,8.81804256473177,3.3806289396763565,9.387397818391284,2.8800188786492305,16.39924979443453,1.817411612103674,8.870836560144028,4.196268576115197,0.41381673242162353,0.0600519955151535
35,NM,New Mexico,2008,904195,2010,861951,868155,2,0.9601413411929948,FALSE,FALSE,2019,909337,2020,857288,919272,2,1.0109255424556574,FALSE,FALSE,17.9,41509,1990070,33.97955850799218,16.404461022240753,17.5,52021,2096829,32.73037524757622,17.284492304694837,0.2054661044601875,0.2022358788601873,3.6646952117262206,0.06867512801473082,82.25874895883288,24.79137219515889,85.88150811928291,27.671901867336892,15.599261532,11.039319071,3.5544265526593244,4.976885232882323,51.68948830945645,49.956863435215745,0.0876697140846145,3.042279225703577,0.6681895970463249,8.612654025410203,5.377750578884835,3.4870122690884062,15.557559138127294,2.6710454808053155,1.997094286208137,4.034052598714074,1.760557348917676,6.965148563571443,1.693753961098316,7.099533933473792,1.5506483354433238,16.16408406949421,2.3097777424815047,12.61883294948636,4.294103082766127,0.06469760463712712,3.001379284664806,0.7084154982568883,6.532906567039596,4.121873530922197,3.0739895459841717,14.47798962666224,3.03085780955942,1.671897811917702,3.8424481449474586,1.4813734510198795,8.984744087616383,1.0377992264214466,5.763827367552212,1.3688896060272724,19.575912631858216,2.0327770166801904,15.025204138784895,4.19510439276566,1.274799930890702,0.06502866275375219
36,NY,New York,2008,9094555,2011,8778553,9035286.5,2,0.9934830786113228,FALSE,FALSE,2019,9479772,2020,8631410,9359278.5,2,0.9872894094921272,FALSE,FALSE,13.8,53448,19132335,8.19423243425332,406.00459932427685,13.1,72038,19453561,6.985728731104809,412.82129124518144,0.193431500929485,0.22184095167847656,-6.641844814028189,-7.91474630274632,84.05166065276353,31.705036888063265,87.60144178437722,37.80694157676249,13.023222855,11.436717793,4.421444819714559,3.883757383790843,53.86227033971546,53.28881432042185,0.07094400682507375,0.06792935134972898,0.5272194172498321,4.3683685879805285,7.093869465683526,5.184968370022266,11.937517745962024,3.154431902120113,3.907604395394244,7.674396491206635,2.2693848323253936,7.942833632718282,2.4921771682477893,6.62845712588856,4.6439505957729486,17.513302333290216,1.9911334599931312,7.707066325873367,4.8119479163152885,0.0331735296635562,0.04604979100211045,0.4932410678061363,4.514612637393315,4.8374497046485745,4.0515092327562785,10.634233221545207,3.178214901195922,3.623533478744747,6.450623085426725,2.2309431332189402,7.643462720955249,2.196466856247418,8.421819342447602,5.078050848088497,20.176147720378317,2.176402221370267,9.58453294647942,4.619158108857565,0.09786466491261692,-0.0873540127395489
37,NC,North Carolina,2008,4353235,2010,4145611,4277770.5,2,0.9826647309414722,FALSE,FALSE,2019,4792192,2020,4482635,5042565.5,2,1.0522461328761452,FALSE,FALSE,14.3,44772,9118037,30.229642630316153,187.5207407216068,13.6,57388,10488084,21.16809895878027,215.6970058830023,0.19330348692559413,0.21388065102398449,9.672366979866393,4.656331890553127,82.99156345896002,25.622681696207675,88.6056041976453,32.29664855406447,14.574717344,11.423547604,4.725531241339498,3.861553344067561,53.58441734772517,51.92261999427159,0.13461396907113016,0.0886087808011706,0.5687635366781243,6.900666712764795,14.465815635741514,4.848584378534035,13.240153774432937,3.2373153937263424,2.147745243899991,5.2257432765508485,1.5557002937640385,5.6339626471329565,2.2118458062228012,7.807136213276707,2.221242017402787,14.42931818638068,1.465669534416342,9.491595270332065,4.3163461731490305,0.12523457644013403,0.09240658899156289,0.5288077668322899,5.554363248928196,11.474614887784734,4.884301051207592,12.854941489388754,3.5549837004338074,2.3373221923297955,4.917535892102466,1.5038066225569722,6.039027416836613,2.503114971698257,7.583036245556397,2.7229684027442267,15.707085861334177,1.8206946005462008,11.557663847511328,4.225452751600714,1.7386986197807097,1.0486922854210823
38,ND,North Dakota,2008,367446,2009,363637,381282,2,1.0376545124997958,FALSE,FALSE,2019,404622,2020,389124,406898.5,2,1.005626238810544,FALSE,FALSE,11.8,43936,652822,52.29449987898692,9.461974709608477,10.5,67402,762062,49.53783287973944,11.045294691590744,0.2226887795495903,0.21307222822384764,-2.288525815612832,-3.192653616109975,88.96792159310577,25.69151600049355,93.45348203221808,30.413283767038415,13.6802897,13.861862905,3.047977321851764,2.171642440595352,50.223950785972285,49.762880185601695,0.17379190723814272,2.3900655219390945,NA,5.692453197395511,8.973671721086182,5.973115177257502,15.554546416779626,3.527053834518692,2.4665476186411452,5.5282215522451255,1.2472727645205015,4.257048132505233,2.820618753819837,4.534978608913579,1.6050997169479546,17.493572430935643,1.4149187889879438,10.432977441195852,4.696137312678615,0.1115095391599426,5.3227408705102555,1.0966991478293848,6.631704369532424,7.535950505613685,6.131326538987301,13.488974989599049,5.263306852176275,2.0034924561249587,5.24915589543009,1.5916996148109577,4.735193146408629,1.4049069857613072,3.953494295749336,1.2209445480608945,18.41435699467641,1.6613223220021909,10.170009594348674,3.992550936368808,0.23857521696597495,1.196660393332749
39,OH,Ohio,2007,5672726,2010,5263164,5292641.5,2,0.9329979096469668,FALSE,FALSE,2019,5628876,2020,5264189,5581245,2,0.9915380974816288,FALSE,FALSE,13.1,46645,11500468,19.492224142530542,281.4677224850003,13,58704,11689100,20.081708600319956,286.08438847005334,0.17933605663149396,0.19427559546839893,-2.9821395094530065,-0.9426730886039132,87.05306966856612,24.061308810158877,90.7967087401496,29.27505697342979,13.187759605,11.494839751,5.605911854659696,4.128280515010582,52.76020071531002,51.36794107330761,0.02820912223207137,0.2198178598247103,0.555880723717682,4.4597388491890975,15.916866524847345,4.881370080890547,12.409441712404549,3.702462976311238,2.0729208946369417,5.612841612156563,1.412024446790674,5.1372596500186845,3.239971385201733,7.194580837327883,2.2567297785657092,15.805493815427024,1.243710714510509,9.136995333261815,4.705988384700493,0.02599169079406039,0.2359183201964793,0.4714502224547057,4.102070467988732,14.011717818910723,4.80510706217424,11.316859455321543,4.2029052120865025,2.017162651038569,5.263744479307929,1.3117668736510963,5.371799137515162,3.0802797503170662,8.259988496948111,2.3167382421156506,17.61486171525635,1.6467302127576493,9.808548215603311,4.131173840075038,0.17125335311320988,0.17250000715622882
40,OK,Oklahoma,2008,1698277,2010,1656157,1702032,2,1.0022110645083222,FALSE,FALSE,2019,1779709,2020,1722609,1874671.5,2,1.0533584423071412,FALSE,FALSE,15.8,41551,3634349,36.25298506004789,52.981400153733354,15.1,54447,3956971,33.65094159143446,57.684571280226095,0.23456041926934837,0.2458634983690421,3.3684161867778797,1.0169394721366418,84.82399517368908,22.777572693744595,88.4216208951896,26.210196529991094,15.303095239,12.348417909,3.9694609962435736,3.139658984966232,51.41856216890563,50.258038282312405,0.07149094167715456,3.767152091435003,0.6198685178360341,5.456249837520587,10.970533498284984,4.540171792350546,13.492137525633517,3.643591276728819,2.404848232759214,4.859701894242341,1.776721937702717,5.4019625983860635,2.0957932741933756,7.508842703106912,1.423472578827365,15.281704894568064,1.889731148182754,9.880277522483327,4.90741349596057,0.05958461620601897,3.166740821157166,0.7124526152805709,5.50328356083931,9.529480859242913,4.235419744078023,12.76975920553845,3.7873605154033703,1.9301998611827935,4.187794764099735,1.4713200092544805,5.495666411575219,3.3923365783338375,8.375375963266832,1.4964494829948922,15.568171706205842,2.0719357881435867,11.797682820480878,4.4375233586645075,0.7282295606158895,0.5089899807161347
41,OR,Oregon,2008,1824034,2009,1749580,1796060,2,0.984663663067684,FALSE,FALSE,2019,2013475,2020,1945908,2080652,2,1.0333637119904642,FALSE,FALSE,13,48735,3722417,22.675938778487204,38.77649063695367,11.5,66955,4217737,16.140266688036736,43.93624875709333,0.21748086842215897,0.21808287272466423,4.736438717102356,3.602879933006729,88.03592766419152,28.295803022000023,91.352449936716,34.54736392605647,13.298424317,10.311177061,5.181863112231073,3.714647510417693,54.11183110328585,52.68401040652843,0.8853151122159408,0.15904674823847267,0.533720279407913,6.818909372455675,12.524491507242042,5.291519153627653,14.047144163356576,3.7147229236447017,2.6620364887080195,4.494390387349895,2.199244291067731,5.512966370749476,2.8937033053975054,6.313208392524667,2.546236920096944,13.082711753825413,1.674931457619456,10.25919205605484,4.375409883774051,0.7973591736769248,0.08786528134840349,0.4985320291464472,6.325691771757153,10.975432404886137,4.739674764592238,12.748376104781174,3.724538692060788,2.292529321386738,3.9616045758096656,1.9301154600909685,5.926707942254742,3.5186272571002633,6.622084974976041,2.3236837701750916,15.84483624138613,1.8242390130367985,11.567671174528805,4.278138643381961,1.1768432620868685,1.1288722381721072
42,PA,Pennsylvania,2008,6136536,2010,5844272,5982336.5,2,0.974871898413046,FALSE,FALSE,2019,6291465,2020,5926899,6263693,2,0.9955857657954068,FALSE,FALSE,11.6,48562,12563937,15.999180830021672,280.8080293797656,12,63455,12801989,11.302048455126778,286.128568077939,0.17658470488417638,0.1920455984181212,0.4227178152835373,-1.013123820056399,86.80458682919341,25.83050493880059,91.00765659330555,32.31491323251259,12.014480625,10.560517904,4.598633603651075,4.291460024671537,52.57027315561993,51.80331743762629,0.05604507317230896,0.4055954230883376,0.569573453111714,4.981544773123308,12.41371426019926,4.55968627076622,13.133908847461557,3.968710990261783,2.578881708327736,5.54153359490267,1.3652325774305412,6.162051865558031,2.7118925258736932,5.698525237027163,4.486800730895501,16.975844804417708,1.4929891693665944,8.083905171428253,4.808944424150345,0.04895747213193508,0.4513407528223416,0.5303816109905117,4.590379253978806,10.1747697190568,4.520154699134653,11.664473086434858,4.4770087902142635,2.020444827483836,5.295719504811633,1.209524846231975,5.954513272584805,3.1732754456056576,6.1263592175800685,4.942851462381824,19.489895886654725,2.0322298860087966,8.858531617692702,4.429868556114421,0.32221631142976825,0.03897316548941987
44,RI,Rhode Island,2007,540743,2011,502241,516101,2,0.9544293684800358,FALSE,FALSE,2019,553360,2020,517491,560817,2,1.0134758565852249,FALSE,FALSE,11.9,52755,1057315,0,1022.6531926870646,11.6,70383,1059361,0,1024.6321189599707,0.17791575843783022,0.205264524215859,-7.1076263932697445,-1.754831450279933,82.9671675922901,29.801225653099618,89.26209448532168,34.84494318242672,11.846605885,9.8987178228,5.11316377776452,3.508236570127241,52.84631353948445,52.6986551326696,0.03421297691417074,0.05936291358617705,NA,4.802958176335043,11.848112508581568,4.733172766470377,12.42588132401955,2.2392506678327777,1.877861938176471,6.836251254664633,1.5504596094282808,5.226428731650175,2.2605488124018644,5.281486701121325,5.426042192983847,18.705661907815287,1.9669063085557368,10.051591356578522,4.386284901201533,0.03888094788604511,0.03326231379846633,0.290371009646071,4.473331715166716,8.870474752105864,4.511763172325755,10.75181818999074,2.725936513929718,1.4889380332083748,7.140384943858608,1.2104785278279708,5.184875536017692,3.271618256515368,5.591439898594892,6.812481458507511,19.56790456412884,2.056420076053831,11.908133085214452,4.061822954592447,0.09557859066611218,0.06408388897027884
45,SC,South Carolina,2007,2045347,2010,1929607,1999872.5,2,0.9777668532527732,FALSE,FALSE,2019,2263684,2020,2201091,2382735,2,1.0525917044958573,FALSE,FALSE,15.1,43508,4444110,24.004671351519203,147.8211357970289,13.9,56360,5148714,14.43673119151695,171.25785621284436,0.1831969645027456,0.21328858399071796,9.760784499033551,8.144363815896552,82.05544132389436,23.45020016984108,88.33415094953867,29.595807593390667,14.579801454,11.01411432,5.619769880510444,2.7666408658756905,52.99578543285382,51.141100476740405,0.2854722821885925,0.07899785577248618,0.7604302046056599,6.831676319937675,16.070967013844648,3.879510674418407,14.44544354687024,3.4559438302189247,2.0054655352135065,4.091385107872725,1.794561889541339,4.747637648606373,1.483242382652993,8.553065080399431,1.737649455812774,12.107665218979388,1.5169772580827183,11.247061850103083,4.898959194149062,0.20190765802505992,0.08618009793752558,0.558272622532197,4.614226077071683,12.829395210643652,3.884516616856622,12.923834234633524,3.791924309251126,1.929356942576354,3.8776940257699017,1.4328980212433942,5.118071863942144,1.580173652897344,14.60321759551371,1.6227507250926692,12.8006172136538,1.5978200539035994,12.268762894953642,4.266684313067673,1.4279241750119853,1.2578296119888144
46,SD,South Dakota,2008,421600,2009,419501,423904.5,2,1.0054660815939278,FALSE,FALSE,2019,451534,2020,445486,468006,2,1.0364800878782108,FALSE,FALSE,13.2,43507,791623,55.59691924059811,10.442480941607924,11.9,60414,884659,49.999770242233616,11.669740201234584,0.23285504646991684,0.2417124061105384,3.106276598835557,0.4634554105028039,88.1977453782594,24.9768961711984,92.12725902974174,29.723704103028933,15.483547076,13.509459514,2.846299810246679,2.733384601796981,50.31220669434819,48.97830689565132,0.14992322113826556,0.3540611020416817,0.6181682714004041,5.7821903328295505,12.613237463238525,4.695777011167008,15.568693608424775,2.7316313766586204,2.1843359007053964,9.004479524122495,1.184544884589407,3.233798448673255,1.3871683895217295,3.4131005636507363,2.2443051891607024,17.566155514297222,2.0101826640296334,10.812947308802462,4.43772734569266,0.12341792429438656,0.2894610007717103,0.7555517171250031,5.681124858264404,13.024352055897454,5.111117921229833,14.63770013623333,2.973731205233143,1.884978952089886,6.996375469085621,1.1675948548933954,3.543180950735911,2.1315362049127575,2.9598014169380655,2.2429745112733777,19.122256179950575,1.9451556375246208,11.370050397974053,4.02125128502297,0.6629055954739727,0.853469701906806
47,TN,Tennessee,2007,2906080,2009,2733221,2846787,2,0.979596914056048,FALSE,FALSE,2019,3218082,2020,3049484,3280624,2,1.0194345576029449,FALSE,FALSE,15.8,42389,6175727,26.878519727313076,149.80777982600125,13.8,56047,6829174,22.316315267410086,165.6587791179002,0.2157458639638856,0.2332623884273191,6.781549767339133,5.001336911316068,81.37227292936923,21.813096439633025,88.00976658950371,28.72251628794609,13.980394404,11.799154535,4.645437462286602,3.344936851431918,53.69369468566211,52.177466850310154,0.05352428103761969,0.17600399432521435,0.1291046054311189,5.225747239358969,15.196411893781972,4.974566877478275,13.154127307805416,4.7707706526973,2.072096600622417,4.687636335432832,1.541660876618655,4.705491227673305,3.351266323895824,7.857849204528194,2.0615937228339027,14.274138036899034,1.3202521337000184,9.772160264220089,4.668731155413506,0.06056057066409254,0.12673675788067365,0.11972641303410296,4.393724456744153,12.456281691071354,4.5042750257382425,11.722140761117911,5.801665966243905,1.7308945163320848,4.594748847972781,1.3368837732538827,4.544318409128864,3.489096344527251,9.9482665913024,2.494948697855972,15.60855115257777,1.558315241627501,11.149090949130956,4.347147872397042,1.1423063434971015,0.8106890002532063
48,TX,Texas,2008,11210767,2009,11115846,11626663,2,1.0370979077524312,FALSE,FALSE,2019,13432812,2020,12879950,14418794,2,1.0734010123866842,FALSE,FALSE,16.3,47563,23831983,12.615047602207504,91.21989021882014,13.6,64044,28995881,10.605854672944751,110.98535449685292,0.22664810052159817,0.2581316852959885,5.711820120046242,3.9598038079960394,79.12342818165152,25.160720448197395,84.64573006863745,30.771168541300995,17.006687077,13.142454725,4.3688155927239825,3.5408050078770485,52.03459569436585,51.89889557071916,0.08706972546269617,2.3752824622858237,0.46597566870146434,6.662039612743238,9.409436756652726,5.162420653399004,12.791175341747566,4.092619978033476,2.855482174044329,5.080206569384241,1.934326066830881,6.556697632902446,2.713595685447344,10.111735056735792,1.501709429124779,12.72769806095102,1.2282560725934988,9.611902626138836,4.620690341697793,0.06259875897577588,2.067109904184544,0.49487331383655014,6.674130006932603,7.4110050257320434,4.836458828460309,11.90636320752763,4.724220541434687,2.4131366796307008,5.04244665957136,1.90868127982807,6.818140473740492,2.9382151779881474,9.443037650933611,1.8698666270895297,14.28403536221996,1.4553153289780472,11.419360892877505,4.2206567079014565,1.8621611935687676,1.5231005218843796
49,UT,Utah,2007,1312979,2010,1237064,1311019,2,0.9985072114633974,FALSE,FALSE,2019,1578070,2020,1566150,1726275,2,1.0939153522974263,FALSE,FALSE,9.8,55220,2597746,11.390759527682844,31.451344836877407,8.8,75705,3205958,10.458683488679515,38.81506913706953,0.22042283053432743,0.2275782706280671,6.6218945193256,1.9744488230974953,90.17702718151789,28.707833280628765,93.0393096434804,34.77002414741221,20.760282953,15.2974098,2.564241469411139,2.538758888002979,47.55441833035255,48.24838628578416,0.03681467799398089,1.0248263317437736,0.4144824953460262,8.326827291101639,11.145054365123624,4.539177255420417,12.910889437179742,4.393822750926941,3.4507866643816176,5.403687452451486,1.7681926622724813,6.764107683839898,1.7974811868834562,10.00787979191546,3.094790541710758,10.328149355153736,1.6927497753488554,8.49612040394588,4.395092222581906,0.03289962121763536,0.5809112321636014,0.3371483307081571,6.969187903420687,9.386436621645622,4.44261345274246,11.365727329103937,4.835225304175923,4.059318308202487,5.259936122328361,1.5315792691625736,6.95099121026934,2.1202786859949514,11.759722129216902,4.282846486873633,10.892394946851098,1.829932250072059,9.388547438051178,3.966660746675828,2.1099581727386907,1.6783348326739889
50,VT,Vermont,2006,340678,2009,336026,338959,2,0.9949541796065492,FALSE,FALSE,2018,345517,2020,319996,338462.5,2,0.979582770167604,FALSE,TRUE,10.1,49698,623481,66.60170879305063,67.64276285547301,10.1,63293,623989,64.67710167967705,67.69787684215517,0.2442888534417451,0.24125265892406436,-1.868541302782282,-2.1522815306039047,90.28920833343084,33.63629343448644,93.0743023354984,38.66432652987939,10.620382202,8.9414241393,3.874530355650795,2.1183018445520676,54.33060510264146,51.13952329287856,0.1708407003722686,NA,0.7255134546376909,5.995464142103653,13.386376013667256,4.07481181411935,15.135441612020024,2.301127250210753,2.1273024328014145,3.6932178480039983,1.272352901680804,6.397946927478496,1.2484799653842424,2.940847340032676,5.161403430242534,17.739829756123036,2.7420305424378744,11.124788314197684,3.4921629626313946,0.18530145944042023,0.17994149986982955,0.4655507741313037,5.419301980122207,11.77468261382257,4.194934072497282,14.456193816138072,2.255011562198502,3.067811145653073,3.4985221825755373,1.2021623608324783,4.624113692399577,0.8422793610928192,3.3384891039679014,5.862647207461063,19.03857639473805,2.874086892601724,13.051884408643318,3.650898176082329,0.3217416240470117,-0.04800833981142283
51,VA,Virginia,2008,4001997,2010,3872679,3985645.5,2,0.9959141648531972,FALSE,FALSE,2019,4283478,2020,4051411,4365816.5,2,1.0192223468872723,FALSE,FALSE,9.9,59575,7751000,14.32305508966585,196.3203522631979,9.9,76471,8535519,12.119321625316516,216.1909555965964,0.1788650027170241,0.2040746017690646,0.49025932137788675,-0.4318425159618296,85.8559624000011,33.56227352894334,90.04365411339171,39.59077482688284,14.15133784,11.551813852,3.0910522777601055,2.7536511554519305,54.56246935879241,52.9266937370768,0.12912452446327927,0.3209970615412238,0.5027035447309499,7.133723334440651,8.721097908795794,3.635036788603009,13.775941423510298,3.2024633756178615,3.4224880619247187,5.238614488847682,1.865079886415462,12.613851983506594,2.028737713932874,7.472862892151619,1.966239942644688,11.66193397757963,1.580868299866684,9.496533219223288,5.225977301860482,0.1222803402668929,0.17291701690368008,0.41736195646229607,5.634357476997205,6.9584631681835,3.0965629849366016,12.459342365566132,3.2674834700186026,2.889675991820585,4.8314912674881,1.619766012257548,14.348032533630713,2.4312259891730106,8.079674929897138,2.362880943335244,13.55300777518936,1.855646119653599,10.845074049629153,5.043470863511587,1.2492837734436213,0.6006995509547863
53,WA,Washington,2008,3277816,2011,3157946,3247797,2,0.99084176781125,FALSE,FALSE,2019,3781131,2020,3564376,3834390,2,1.014085468078202,FALSE,FALSE,11.4,55628,6461587,12.410991293624924,97.23187300796032,9.8,78674,7614893,10.01962864087519,114.58644898617104,0.19911303978275943,0.1969911444295971,3.2030830816020894,3.92691006951772,89.31832633384597,30.268747042470128,91.68153028056504,36.9662047163841,13.764192907,11.619179957,4.606386397017353,4.183374655619459,54.63024795611357,53.626505323187075,0.5369183318116917,0.179399156728028,0.29104395279339834,7.942609857999652,10.154519915384997,5.161803009492806,13.103093756045928,3.5862243192985206,4.494092779103996,4.778661093887157,2.094149380976974,6.608468535594423,3.1522766264644138,6.076027188086105,1.9048369018629052,13.696534014687709,2.2864598406513372,9.461986405956948,4.480182149304229,0.5228096542272954,0.06627844953280766,0.3331863545748691,7.236392216612188,9.314658060473825,4.746447840826835,11.741118653260548,3.702760647506985,5.2354799822521425,3.789395310066527,1.856900652709895,7.494019068596297,3.999098806297867,5.523779162000263,1.9575776520522856,15.340821659562693,2.382642981695279,10.47244355291132,4.271009509456668,1.2816072672140688,1.4244933027662166
54,WV,West Virginia,2008,774551,2010,742564,749164,2,0.9672235914742864,FALSE,TRUE,2019,752874,2020,712143,754617,2,1.0023151284278644,FALSE,FALSE,17.1,37057,1834052,44.531452761426614,76.28773921081114,16.2,48659,1792147,38.09123916732277,74.54469282410616,0.18187765319016255,0.17772766919868746,2.335266393755466,-2.956788700926877,81.18339536487628,17.312944179538707,87.1355240787894,21.05291916389688,11.962077528,9.9476203955,4.481837078095615,4.945792358281769,53.9401827211006,50.87657429887169,0.20016419315586476,4.795851455105908,1.1188885810028175,5.486701903366992,10.597342962326792,3.488502176333811,16.30555072690754,2.8336227653638497,1.807673706548622,3.601750705221652,1.1894537737748765,3.9359887646444287,0.7832736397698542,5.582567299401228,1.4085500918208058,19.761179850023147,1.839858318861732,10.638477306406116,4.620815354985948,0.1488006666269865,3.676368470130746,1.041785030833302,4.671799838754187,8.820001695425777,3.31275375022771,14.51609121390682,2.879157625898891,1.486022657381505,3.000001803644444,1.1669579552443667,4.541035616566835,1.0468352352763994,6.3843602382975035,1.4871048440478831,23.95275894472371,1.2419895641132472,12.449475410013472,4.1671401233332075,0.21234074924918467,-0.50556070647515
55,WI,Wisconsin,2008,2940900,2010,2820969,2870969.5,2,0.9762213948111124,FALSE,FALSE,2018,3032921,2020,2902114,3019576.5,2,0.9956001161916186,FALSE,FALSE,10.8,50567,5610775,27.50247514826383,103.5809256725272,10.4,64177,5822434,25.79730401409445,107.48837787777896,0.18159213416018516,0.18107390627307443,-0.35021899826672787,-0.21640434223900176,89.0034770850437,25.397342820194996,92.75613063580792,31.33971810220196,13.118115757,10.956642568,4.815652915861684,3.202736547900017,52.79917658433995,51.39644348051005,0.13574600521486876,0.13204237755182965,0.5272033464691345,4.715885462899111,19.528705328513787,4.5993419619806515,12.979926740634552,4.138481858866827,2.164850882691217,5.6881279812693055,1.0960322473250348,4.081397684669115,2.707673876260994,5.5746842556775205,2.038484717101219,14.586415496300196,1.525854340349695,9.106495800609569,4.667979844214148,0.13448438586868255,0.2698880611879058,0.50350249280656,4.593306347080796,18.34181633209638,4.800721029359041,11.915791554181387,4.106504279292392,2.157763859054542,5.56093510122909,1.0872512938999015,4.399183058108286,2.953217359861984,5.879890236839605,2.205643517936869,15.742333892057031,1.7669509313934284,9.562831901795372,4.012621844155924,0.6178513334845759,0.2539873601341114
56,WY,Wyoming,2008,292417,2010,283999,288121,2,0.9853086516857776,FALSE,TRUE,2019,282742,2021,274570,284031.5,2,1.0045606949091397,FALSE,FALSE,9.5,52433,534876,70.08297250203786,5.509156105054361,9.9,66152,578759,69.0098987661531,5.961145533179946,0.23357951722557876,0.27066222080564883,11.019376453607938,0.7222349890023309,91.16830676452712,23.352695058669536,94.54914363840172,29.128606863718332,15.158431081,11.416859801,2.7393878731109855,3.72347851551194,53.23794673905728,50.68171726055232,0.1173387751316003,12.514899241703963,0.998539062681168,9.319388725274216,5.435150615680727,3.641212346079818,15.335667741112632,4.065579852978689,1.999397073487466,3.171857245553417,2.0536604596155184,4.261299074739698,0.7582960369176541,3.659300141455835,0.6905827516638453,13.635414975766992,1.8495930246040395,12.261206316814691,4.200078844236255,0.1033736522780848,8.2061289948603,1.2916875990261625,8.753429686594274,5.077385322873594,3.641264443328052,14.495014878077058,4.691424817405418,1.9428449974881168,3.3538470456389846,2.2433048653244194,5.099122773118986,0.6356996560652317,3.4499748811686053,1.0095838002859685,15.76834640800711,2.4978745604204504,13.706186961394287,3.999207790702168,1.1334081461722656,0.06072016428564364
