geography,crisis,fold,epoch,training_loss,validation_loss,training_mae,validation_mae,learning_rate
State,Great Recession,1,1,2.011730670928955,2.140536069869995,1.0526560544967651,1.2061971426010132,0.0020000000949949026
State,Great Recession,1,2,1.2093931436538696,2.011932611465454,0.9509323835372925,1.162442684173584,0.0020000000949949026
State,Great Recession,1,3,2.132636547088623,1.9096205234527588,1.124660611152649,1.1298205852508545,0.0020000000949949026
State,Great Recession,1,4,1.4430673122406006,1.8591817617416382,0.9411502480506897,1.1119288206100464,0.0020000000949949026
State,Great Recession,1,5,1.6762402057647705,1.791703701019287,1.0190958976745605,1.0915902853012085,0.0020000000949949026
State,Great Recession,1,6,1.9413810968399048,1.7542322874069214,0.9146044254302979,1.0757935047149658,0.0020000000949949026
State,Great Recession,1,7,1.2859450578689575,1.7206014394760132,0.9170775413513184,1.0562771558761597,0.0020000000949949026
State,Great Recession,1,8,1.202488660812378,1.6934278011322021,0.8961941599845886,1.0369774103164673,0.0020000000949949026
State,Great Recession,1,9,1.2644133567810059,1.678008794784546,0.8365605473518372,1.0238091945648193,0.0020000000949949026
State,Great Recession,1,10,1.1859900951385498,1.657408356666565,0.8732944130897522,1.0079703330993652,0.0020000000949949026
State,Great Recession,1,11,1.0412002801895142,1.6469515562057495,0.7939353585243225,0.9966149926185608,0.0020000000949949026
State,Great Recession,1,12,0.8455044031143188,1.6195006370544434,0.71097564697265625,0.9813349843025208,0.0020000000949949026
State,Great Recession,1,13,1.0995728969573975,1.6221634149551392,0.8226388692855835,0.9753071069717407,0.0020000000949949026
State,Great Recession,1,14,1.113046407699585,1.627832055091858,0.7710299491882324,0.9680413007736206,0.0020000000949949026
State,Great Recession,1,15,0.993494987487793,1.6385937929153442,0.829319953918457,0.9676108360290527,0.0020000000949949026
State,Great Recession,1,16,1.078940749168396,1.6502429246902466,0.8307194709777832,0.9676976799964905,0.0020000000949949026
State,Great Recession,1,17,0.9748877286911011,1.6645257472991943,0.7809115052223206,0.9712299704551697,0.0020000000949949026
State,Great Recession,1,18,0.9894228577613831,1.6768022775650024,0.7817116975784302,0.9741096496582031,0.0020000000949949026
State,Great Recession,1,19,0.963719367980957,1.688150405883789,0.7819461822509766,0.9730150103569031,0.0020000000949949026
State,Great Recession,1,20,1.202288031578064,1.7099608182907104,0.901892900466919,0.9769023656845093,0.0020000000949949026
State,Great Recession,1,21,0.7774781584739685,1.7216650247573853,0.6367307305335999,0.9785193800926208,0.0010000000474974513
State,Great Recession,1,22,0.8253950476646423,1.7308659553527832,0.6847955584526062,0.9825540781021118,0.0010000000474974513
State,Great Recession,1,23,1.111159086227417,1.7342572212219238,0.8476781845092773,0.9820965528488159,0.0010000000474974513
State,Great Recession,1,24,1.152808427810669,1.7491919994354248,0.7916404604911804,0.9844319820404053,0.0010000000474974513
State,Great Recession,1,25,1.007293939590454,1.7649673223495483,0.7081301212310791,0.9888105988502502,0.0010000000474974513
State,Great Recession,1,26,0.9341294169425964,1.7756900787353516,0.758926510810852,0.9903608560562134,0.0010000000474974513
State,Great Recession,1,27,0.8657970428466797,1.7760199308395386,0.7421886920928955,0.9869153499603271,0.0010000000474974513
State,Great Recession,1,28,0.8994866609573364,1.7772246599197388,0.7654263973236084,0.9833853244781494,0.0010000000474974513
State,Great Recession,1,29,0.8531122207641602,1.7748374938964844,0.7691119909286499,0.9810571670532227,5.000000237487257e-4
State,Great Recession,1,30,0.9610153436660767,1.7728667259216309,0.7917940616607666,0.9793155789375305,5.000000237487257e-4
State,Great Recession,1,31,0.9472765326499939,1.7797666788101196,0.7062842845916748,0.9795941710472107,5.000000237487257e-4
State,Great Recession,1,32,0.6192890405654907,1.7863893508911133,0.6044333577156067,0.9820499420166016,5.000000237487257e-4
State,Great Recession,2,1,2.098423957824707,2.3506901264190674,1.132756233215332,1.1251168251037598,0.0020000000949949026
State,Great Recession,2,2,1.761083722114563,2.380647897720337,1.0227631330490112,1.1298973560333252,0.0020000000949949026
State,Great Recession,2,3,1.5055835247039795,2.4002602100372314,0.9682132005691528,1.1330821514129639,0.0020000000949949026
State,Great Recession,2,4,1.2026088237762451,2.4225358963012695,0.8767051100730896,1.1391510963439941,0.0020000000949949026
State,Great Recession,2,5,1.5484123229980469,2.4544517993927,1.011214256286621,1.1468909978866577,0.0020000000949949026
State,Great Recession,2,6,1.2883455753326416,2.477374792098999,0.8954154253005981,1.1545299291610718,0.0020000000949949026
State,Great Recession,2,7,1.1694440841674805,2.495305061340332,0.8506791591644287,1.1623517274856567,0.0020000000949949026
State,Great Recession,2,8,1.1471092700958252,2.5069024562835693,0.8612123131752014,1.1674137115478516,0.0020000000949949026
State,Great Recession,2,9,1.2556198835372925,2.525346517562866,0.9537600874900818,1.1742548942565918,0.0020000000949949026
State,Great Recession,2,10,1.3232295513153076,2.5429742336273193,0.9640751481056213,1.178415298461914,0.0010000000474974513
State,Great Recession,2,11,1.1615163087844849,2.560936450958252,0.8403013944625854,1.181610345840454,0.0010000000474974513
State,Great Recession,2,12,1.1426234245300293,2.5758848190307617,0.8217143416404724,1.1847648620605469,0.0010000000474974513
State,Great Recession,2,13,1.047404408454895,2.587826728820801,0.8148839473724365,1.1875636577606201,0.0010000000474974513
State,Great Recession,2,14,1.210942029953003,2.6094677448272705,0.84938645362854,1.1925396919250488,0.0010000000474974513
State,Great Recession,2,15,0.9216494560241699,2.6322736740112305,0.7946394085884094,1.197024941444397,0.0010000000474974513
State,Great Recession,2,16,1.0487931966781616,2.656768321990967,0.8491283655166626,1.2018864154815674,0.0010000000474974513
State,Great Recession,2,17,1.0795003175735474,2.6725339889526367,0.863472580909729,1.2046504020690918,0.0010000000474974513
State,Great Recession,2,18,1.020409345626831,2.690802812576294,0.8330911993980408,1.2068324089050293,5.000000237487257e-4
State,Great Recession,2,19,1.0450549125671387,2.704542875289917,0.8025950789451599,1.2082571983337402,5.000000237487257e-4
State,Great Recession,2,20,0.6808968186378479,2.711671829223633,0.6256908774375916,1.208840012550354,5.000000237487257e-4
State,Great Recession,2,21,0.9377661347389221,2.721035957336426,0.7876284122467041,1.2107560634613037,5.000000237487257e-4
State,Great Recession,3,1,2.237229824066162,1.2585207223892212,1.1507081985473633,0.8098424077033997,0.0020000000949949026
State,Great Recession,3,2,2.0888142585754395,1.1963841915130615,1.1245698928833008,0.7786996364593506,0.0020000000949949026
State,Great Recession,3,3,2.4985530376434326,1.1144789457321167,1.2023568153381348,0.7323439717292786,0.0020000000949949026
State,Great Recession,3,4,1.624355673789978,1.0406270027160645,0.9781094789505005,0.6966486573219299,0.0020000000949949026
State,Great Recession,3,5,1.0504372119903564,0.9991900324821472,0.7976895570755005,0.6764222979545593,0.0020000000949949026
State,Great Recession,3,6,1.4157214164733887,0.9670643210411072,0.9046800136566162,0.6589703559875488,0.0020000000949949026
State,Great Recession,3,7,1.241441249847412,0.928760826587677,0.8726632595062256,0.6431861519813538,0.0020000000949949026
State,Great Recession,3,8,1.318263292312622,0.90550696849823,0.9388089179992676,0.6323577165603638,0.0020000000949949026
State,Great Recession,3,9,1.6702632904052734,0.8874613046646118,1.0562363862991333,0.6262075901031494,0.0020000000949949026
State,Great Recession,3,10,0.9573151469230652,0.87491607666015625,0.8161720037460327,0.6236693263053894,0.0020000000949949026
State,Great Recession,3,11,1.1768460273742676,0.8684845566749573,0.8062484860420227,0.621735692024231,0.0020000000949949026
State,Great Recession,3,12,0.800212562084198,0.8649857044219971,0.7135337591171265,0.6195688247680664,0.0020000000949949026
State,Great Recession,3,13,0.9286811351776123,0.8516138195991516,0.7826761603355408,0.61281418800354,0.0020000000949949026
State,Great Recession,3,14,0.9265642166137695,0.8462631702423096,0.7903833389282227,0.6099238395690918,0.0020000000949949026
State,Great Recession,3,15,1.1065077781677246,0.8345746994018555,0.8662304878234863,0.6096591353416443,0.0020000000949949026
State,Great Recession,3,16,0.9367645382881165,0.8233911991119385,0.7875043749809265,0.6084225177764893,0.0020000000949949026
State,Great Recession,3,17,0.9946736097335815,0.8187642097473145,0.7686963081359863,0.6097263097763062,0.0020000000949949026
State,Great Recession,3,18,1.2498342990875244,0.8109167814254761,0.8392140865325928,0.6081514954566956,0.0020000000949949026
State,Great Recession,3,19,0.814437985420227,0.7992970943450928,0.7077999711036682,0.6050403118133545,0.0020000000949949026
State,Great Recession,3,20,1.0800135135650635,0.7778255343437195,0.7454351186752319,0.5965457558631897,0.0020000000949949026
State,Great Recession,3,21,0.8580287098884583,0.7619448900222778,0.7045838832855225,0.5910101532936096,0.0020000000949949026
State,Great Recession,3,22,0.939243495464325,0.7546008825302124,0.7285220623016357,0.5877901911735535,0.0020000000949949026
State,Great Recession,3,23,0.7580920457839966,0.740351676940918,0.6727120876312256,0.5792748928070068,0.0020000000949949026
State,Great Recession,3,24,0.7773215174674988,0.7304098010063171,0.6904879808425903,0.576614260673523,0.0020000000949949026
State,Great Recession,3,25,1.0536699295043945,0.724677324295044,0.8131100535392761,0.5764169692993164,0.0020000000949949026
State,Great Recession,3,26,0.7572744488716125,0.7198454737663269,0.6432253122329712,0.5751484632492065,0.0020000000949949026
State,Great Recession,3,27,0.6557662487030029,0.7130038738250732,0.6787647008895874,0.5723827481269836,0.0020000000949949026
State,Great Recession,3,28,0.8451598882675171,0.6964056491851807,0.7351382374763489,0.5637907981872559,0.0020000000949949026
State,Great Recession,3,29,0.6123644113540649,0.6812619566917419,0.6287089586257935,0.5539989471435547,0.0020000000949949026
State,Great Recession,3,30,0.7701926231384277,0.6629393100738525,0.6572933793067932,0.5418752431869507,0.0020000000949949026
State,Great Recession,3,31,0.8596915602684021,0.6523480415344238,0.7921689748764038,0.536047637462616,0.0020000000949949026
State,Great Recession,3,32,0.7449841499328613,0.639756441116333,0.6347811818122864,0.5294381976127625,0.0020000000949949026
State,Great Recession,3,33,0.5796186327934265,0.6316754817962646,0.5908185839653015,0.5262979865074158,0.0020000000949949026
State,Great Recession,3,34,0.8271322250366211,0.624591588973999,0.7439523339271545,0.5241334438323975,0.0020000000949949026
State,Great Recession,3,35,0.7697445750236511,0.6256619691848755,0.6469202041625977,0.5318624973297119,0.0020000000949949026
State,Great Recession,3,36,0.8698936700820923,0.6408874988555908,0.7128917574882507,0.5469821691513062,0.0020000000949949026
State,Great Recession,3,37,0.6965899467468262,0.6567988395690918,0.668826699256897,0.5574808120727539,0.0020000000949949026
State,Great Recession,3,38,0.6095436811447144,0.657084584236145,0.599553644657135,0.5586718320846558,0.0020000000949949026
State,Great Recession,3,39,1.1246821880340576,0.6492923498153687,0.8221840262413025,0.5526819825172424,0.0020000000949949026
State,Great Recession,3,40,0.5933167338371277,0.6459074020385742,0.6012234687805176,0.5489143133163452,0.0020000000949949026
State,Great Recession,3,41,0.8578556180000305,0.6465299725532532,0.7007290124893188,0.5457561016082764,0.0020000000949949026
State,Great Recession,3,42,0.7767640948295593,0.6488838791847229,0.6859138607978821,0.5481474995613098,0.0020000000949949026
State,Great Recession,3,43,0.8351082801818848,0.6479657888412476,0.7585901618003845,0.5509740114212036,0.0010000000474974513
State,Great Recession,3,44,0.8030036091804504,0.6480770111083984,0.6590256690979004,0.5546091794967651,0.0010000000474974513
State,Great Recession,3,45,0.7262574434280396,0.6426461935043335,0.6585037708282471,0.5529224872589111,0.0010000000474974513
State,Great Recession,3,46,1.0623902082443237,0.6413239240646362,0.8605906963348389,0.5568467378616333,0.0010000000474974513
State,Great Recession,3,47,0.760540246963501,0.6386798024177551,0.6610428094863892,0.5586540699005127,0.0010000000474974513
State,Great Recession,3,48,0.6261988878250122,0.6355023980140686,0.6792654395103455,0.5589738488197327,0.0010000000474974513
State,Great Recession,3,49,0.8233303427696228,0.6362537145614624,0.7149596214294434,0.5603168606758118,0.0010000000474974513
State,Great Recession,3,50,0.6237841844558716,0.6298641562461853,0.6373101472854614,0.5574414730072021,0.0010000000474974513
State,Great Recession,3,51,0.7107420563697815,0.6246942281723022,0.6942111849784851,0.5567430853843689,5.000000237487257e-4
State,Great Recession,3,52,0.7442214488983154,0.6184354424476624,0.6433644890785217,0.5538057088851929,5.000000237487257e-4
State,Great Recession,3,53,1.0108327865600586,0.6115395426750183,0.8457229733467102,0.5511007308959961,5.000000237487257e-4
State,Great Recession,3,54,0.9256945848464966,0.6120684742927551,0.7922573089599609,0.5510923862457275,5.000000237487257e-4
State,Great Recession,3,55,0.8359459638595581,0.6115511655807495,0.7001783847808838,0.5523362159729004,5.000000237487257e-4
State,Great Recession,3,56,0.9366189241409302,0.609829843044281,0.7607622742652893,0.5505821108818054,5.000000237487257e-4
State,Great Recession,3,57,0.7248131036758423,0.6053750514984131,0.7080812454223633,0.5488592386245728,5.000000237487257e-4
State,Great Recession,3,58,0.6717115640640259,0.5984750390052795,0.6328825354576111,0.5458053350448608,5.000000237487257e-4
State,Great Recession,3,59,0.7418427467346191,0.5935620665550232,0.6691200733184814,0.5444737076759338,5.000000237487257e-4
State,Great Recession,3,60,0.7862445116043091,0.5840485692024231,0.6871112585067749,0.5402126312255859,5.000000237487257e-4
State,Great Recession,3,61,0.6946929097175598,0.5789986848831177,0.6384404897689819,0.5373609066009521,5.000000237487257e-4
State,Great Recession,3,62,0.6836320757865906,0.5734220743179321,0.72042083740234375,0.5365231037139893,5.000000237487257e-4
State,Great Recession,3,63,0.8711168766021729,0.5722484588623047,0.7373509407043457,0.5365208983421326,5.000000237487257e-4
State,Great Recession,3,64,0.7035029530525208,0.5692474842071533,0.692840576171875,0.5362519025802612,5.000000237487257e-4
State,Great Recession,3,65,0.5793749094009399,0.5691367983818054,0.667788565158844,0.5370012521743774,5.000000237487257e-4
State,Great Recession,3,66,0.7077845931053162,0.5680925846099854,0.6635754108428955,0.5371687412261963,5.000000237487257e-4
State,Great Recession,3,67,0.6878476142883301,0.5652495622634888,0.6672106981277466,0.536480724811554,5.000000237487257e-4
State,Great Recession,3,68,0.5967456698417664,0.5609188675880432,0.5980492234230042,0.5341833233833313,5.000000237487257e-4
State,Great Recession,3,69,0.6887269020080566,0.5572037696838379,0.6521055102348328,0.5302895307540894,5.000000237487257e-4
State,Great Recession,3,70,0.665542483329773,0.5522220134735107,0.667561411857605,0.5281229019165039,5.000000237487257e-4
State,Great Recession,3,71,0.6484096646308899,0.5453627705574036,0.6799997687339783,0.5238444805145264,5.000000237487257e-4
State,Great Recession,3,72,0.8320239782333374,0.5387014746665955,0.6563538312911987,0.5197202563285828,5.000000237487257e-4
State,Great Recession,3,73,0.5755929946899414,0.5376913547515869,0.5719423890113831,0.5189698934555054,5.000000237487257e-4
State,Great Recession,3,74,0.8093537092208862,0.5329821109771729,0.6890881657600403,0.5157589912414551,5.000000237487257e-4
State,Great Recession,3,75,0.7433897256851196,0.5272091627120972,0.6796237230300903,0.5132523775100708,5.000000237487257e-4
State,Great Recession,3,76,0.7600765228271484,0.5248981714248657,0.6676285862922668,0.5084517598152161,5.000000237487257e-4
State,Great Recession,3,77,0.5443065166473389,0.524085283279419,0.5717926025390625,0.5074473023414612,5.000000237487257e-4
State,Great Recession,3,78,0.7570497989654541,0.5192326903343201,0.6494739055633545,0.5050740242004395,5.000000237487257e-4
State,Great Recession,3,79,0.6650494337081909,0.5178120732307434,0.686245858669281,0.5041683912277222,5.000000237487257e-4
State,Great Recession,3,80,0.45826244354248047,0.5115039944648743,0.5117983222007751,0.5026530027389526,5.000000237487257e-4
State,Great Recession,3,81,0.6348519325256348,0.5069795250892639,0.6432385444641113,0.5016025304794312,5.000000237487257e-4
State,Great Recession,3,82,0.9530624151229858,0.5042724609375,0.7611530423164368,0.5016483664512634,5.000000237487257e-4
State,Great Recession,3,83,0.735183835029602,0.5032666921615601,0.6626054048538208,0.5008726716041565,5.000000237487257e-4
State,Great Recession,3,84,0.47781795263290405,0.5040122866630554,0.5304045677185059,0.5032853484153748,5.000000237487257e-4
State,Great Recession,3,85,0.7962441444396973,0.5066245198249817,0.6981502771377563,0.5053508281707764,5.000000237487257e-4
State,Great Recession,3,86,0.7503966093063354,0.5061209797859192,0.6650640964508057,0.5040524005889893,5.000000237487257e-4
State,Great Recession,3,87,0.7980383038520813,0.5063235759735107,0.7286456823348999,0.5028049945831299,5.000000237487257e-4
State,Great Recession,3,88,0.8452356457710266,0.5078848004341125,0.7346234321594238,0.502958357334137,5.000000237487257e-4
State,Great Recession,3,89,0.5112057328224182,0.5046023726463318,0.5495495796203613,0.5021312236785889,5.000000237487257e-4
State,Great Recession,3,90,0.5212530493736267,0.503250241279602,0.5942624807357788,0.5018720030784607,5.000000237487257e-4
State,Great Recession,3,91,0.801013171672821,0.49842268228530884,0.6615077257156372,0.4983407258987427,5.000000237487257e-4
State,Great Recession,3,92,0.9292175769805908,0.4953727126121521,0.7095599174499512,0.49442625045776367,5.000000237487257e-4
State,Great Recession,3,93,0.6323152184486389,0.4911750555038452,0.6345572471618652,0.49185383319854736,5.000000237487257e-4
State,Great Recession,3,94,0.6933640837669373,0.4877777695655823,0.6747017502784729,0.4895881414413452,5.000000237487257e-4
State,Great Recession,3,95,0.6747543811798096,0.48149538040161133,0.6521978378295898,0.4842829704284668,5.000000237487257e-4
State,Great Recession,3,96,0.6876818537712097,0.48590028285980225,0.6013193726539612,0.48448309302330017,5.000000237487257e-4
State,Great Recession,3,97,0.780070424079895,0.4852907359600067,0.6763855218887329,0.48263242840766907,5.000000237487257e-4
State,Great Recession,3,98,0.5576061010360718,0.48254352807998657,0.5984674096107483,0.47945436835289,5.000000237487257e-4
State,Great Recession,3,99,0.7247481942176819,0.4751310348510742,0.6489492654800415,0.47562992572784424,5.000000237487257e-4
State,Great Recession,3,100,0.8374731540679932,0.47438934445381165,0.7381466627120972,0.47303506731987,5.000000237487257e-4
State,Great Recession,3,101,0.8056281805038452,0.46955931186676025,0.7135525941848755,0.47062402963638306,5.000000237487257e-4
State,Great Recession,3,102,0.6580579876899719,0.4660050570964813,0.6925938129425049,0.4683770537376404,5.000000237487257e-4
State,Great Recession,3,103,0.5149426460266113,0.46418872475624084,0.6104767322540283,0.4660119414329529,5.000000237487257e-4
State,Great Recession,3,104,0.6206789016723633,0.4606204628944397,0.6594974994659424,0.46344608068466187,5.000000237487257e-4
State,Great Recession,3,105,1.2137119770050049,0.45926633477211,0.8777299523353577,0.46324920654296875,5.000000237487257e-4
State,Great Recession,3,106,0.7174415588378906,0.45589664578437805,0.6313158273696899,0.4605533182621002,5.000000237487257e-4
State,Great Recession,3,107,0.8634846210479736,0.4573405981063843,0.7093223333358765,0.46259477734565735,5.000000237487257e-4
State,Great Recession,3,108,0.7480249404907227,0.454841673374176,0.7315369844436646,0.46276071667671204,5.000000237487257e-4
State,Great Recession,3,109,0.7191181182861328,0.45690834522247314,0.6947363615036011,0.46585744619369507,5.000000237487257e-4
State,Great Recession,3,110,0.6046866178512573,0.45638996362686157,0.6440876722335815,0.46502071619033813,5.000000237487257e-4
State,Great Recession,3,111,0.5751736760139465,0.4551854729652405,0.5966508388519287,0.4647115170955658,5.000000237487257e-4
State,Great Recession,3,112,0.724114716053009,0.4565565884113312,0.7008802890777588,0.4645894467830658,5.000000237487257e-4
State,Great Recession,3,113,0.7596599459648132,0.4505241811275482,0.6283831596374512,0.4613080620765686,5.000000237487257e-4
State,Great Recession,3,114,0.5569069385528564,0.45109060406684875,0.6214971542358398,0.4610253572463989,5.000000237487257e-4
State,Great Recession,3,115,0.7047678828239441,0.4486376941204071,0.7208553552627563,0.4598722457885742,5.000000237487257e-4
State,Great Recession,3,116,0.6185939908027649,0.4465908408164978,0.6433582901954651,0.45888540148735046,5.000000237487257e-4
State,Great Recession,3,117,0.8815975189208984,0.44850948452949524,0.7222458720207214,0.4607807397842407,5.000000237487257e-4
State,Great Recession,3,118,0.7657804489135742,0.45067882537841797,0.677167534828186,0.4646303355693817,5.000000237487257e-4
State,Great Recession,3,119,0.7659962773323059,0.45211225748062134,0.6695265769958496,0.46353402733802795,5.000000237487257e-4
State,Great Recession,3,120,0.5434709191322327,0.4520168900489807,0.5495365262031555,0.462944358587265,5.000000237487257e-4
State,Great Recession,3,121,0.47963109612464905,0.4477194547653198,0.5559064745903015,0.46099111437797546,5.000000237487257e-4
State,Great Recession,3,122,0.8632805347442627,0.44509851932525635,0.7339692115783691,0.46098819375038147,5.000000237487257e-4
State,Great Recession,3,123,0.6391888856887817,0.4438140094280243,0.6146266460418701,0.45936012268066406,5.000000237487257e-4
State,Great Recession,3,124,0.8264691829681396,0.43879908323287964,0.7309763431549072,0.4551585614681244,5.000000237487257e-4
State,Great Recession,3,125,0.6298556327819824,0.43879014253616333,0.6086171269416809,0.45470449328422546,5.000000237487257e-4
State,Great Recession,3,126,0.7374860048294067,0.43732908368110657,0.6673619747161865,0.4522688090801239,5.000000237487257e-4
State,Great Recession,3,127,0.7412021160125732,0.4385779798030853,0.6263668537139893,0.453857421875,5.000000237487257e-4
State,Great Recession,3,128,0.5586052536964417,0.4418678283691406,0.6327593326568604,0.45702335238456726,5.000000237487257e-4
State,Great Recession,3,129,0.7720454931259155,0.4411889910697937,0.6985872983932495,0.4561273157596588,5.000000237487257e-4
State,Great Recession,3,130,0.4669531583786011,0.4369473159313202,0.5449188947677612,0.4519405961036682,5.000000237487257e-4
State,Great Recession,3,131,0.8055101633071899,0.43231165409088135,0.6762098670005798,0.44816991686820984,5.000000237487257e-4
State,Great Recession,3,132,0.8401859998703003,0.42716437578201294,0.6751512289047241,0.44473695755004883,5.000000237487257e-4
State,Great Recession,3,133,0.9248064756393433,0.42744797468185425,0.7607436776161194,0.44371330738067627,5.000000237487257e-4
State,Great Recession,3,134,0.7233490943908691,0.4268501400947571,0.6589597463607788,0.44272109866142273,5.000000237487257e-4
State,Great Recession,3,135,0.7825860977172852,0.4292844235897064,0.6995415687561035,0.4456813633441925,5.000000237487257e-4
State,Great Recession,3,136,0.9098111391067505,0.43586403131484985,0.788228452205658,0.45144858956336975,5.000000237487257e-4
State,Great Recession,3,137,0.8993207812309265,0.4440509080886841,0.7864174842834473,0.458697646856308,5.000000237487257e-4
State,Great Recession,3,138,0.6379547715187073,0.44727393984794617,0.6342958807945251,0.4610576629638672,5.000000237487257e-4
State,Great Recession,3,139,0.6879615783691406,0.44831928610801697,0.6821506023406982,0.46258974075317383,5.000000237487257e-4
State,Great Recession,3,140,0.8663943409919739,0.45273324847221375,0.711259663105011,0.4655851125717163,5.000000237487257e-4
State,Great Recession,3,141,0.6085557341575623,0.45348066091537476,0.5603545904159546,0.4674433469772339,5.000000237487257e-4
State,Great Recession,3,142,0.6960969567298889,0.45601096749305725,0.6891340613365173,0.4710523784160614,5.000000237487257e-4
State,Great Recession,3,143,0.7382664680480957,0.45519235730171204,0.7272366285324097,0.46986114978790283,2.500000118743628e-4
State,Great Recession,3,144,0.6351017951965332,0.45755237340927124,0.5990288257598877,0.4713209569454193,2.500000118743628e-4
State,Great Recession,3,145,0.6326456069946289,0.4574039876461029,0.6399475932121277,0.46979984641075134,2.500000118743628e-4
State,Great Recession,3,146,0.6319970488548279,0.45902299880981445,0.6283535957336426,0.4726153612136841,2.500000118743628e-4
State,Great Recession,3,147,0.6679361462593079,0.4572334289550781,0.6843422651290894,0.4722349941730499,2.500000118743628e-4
State,Great Recession,3,148,0.6247057914733887,0.45800602436065674,0.599800169467926,0.47219836711883545,2.500000118743628e-4
State,Great Recession,3,149,0.657773494720459,0.45874902606010437,0.6202411651611328,0.47245725989341736,2.500000118743628e-4
State,Great Recession,3,150,0.7503801584243774,0.4607325792312622,0.6412109732627869,0.47258201241493225,2.500000118743628e-4
State,Great Recession,3,151,0.49179649353027344,0.4596632719039917,0.5671252012252808,0.47068771719932556,1.250000059371814e-4
State,Great Recession,3,152,0.7490671873092651,0.4603635370731354,0.691815972328186,0.4714566767215729,1.250000059371814e-4
State,Great Recession,3,153,0.8392231464385986,0.4596521556377411,0.7243797779083252,0.471151202917099,1.250000059371814e-4
State,Great Recession,3,154,0.6025142669677734,0.4576401114463806,0.5902101993560791,0.46940183639526367,1.250000059371814e-4
State,Great Recession,4,1,1.8740441799163818,0.5334980487823486,1.0274076461791992,0.5978902578353882,0.0020000000949949026
State,Great Recession,4,2,1.5728974342346191,0.5450483560562134,0.9500018358230591,0.6105469465255737,0.0020000000949949026
State,Great Recession,4,3,1.461169719696045,0.5472922325134277,0.9505289793014526,0.6208431720733643,0.0020000000949949026
State,Great Recession,4,4,1.5073180198669434,0.5467238426208496,0.9963746070861816,0.6263326406478882,0.0020000000949949026
State,Great Recession,4,5,1.2203336954116821,0.5463917255401611,0.8943932056427002,0.6293405890464783,0.0020000000949949026
State,Great Recession,4,6,1.2781811952590942,0.5426509380340576,0.9239636063575745,0.6292260885238647,0.0020000000949949026
State,Great Recession,4,7,1.2157775163650513,0.535950779914856,0.8777362704277039,0.6243765950202942,0.0020000000949949026
State,Great Recession,4,8,1.0541024208068848,0.5324471592903137,0.8452492356300354,0.6182656288146973,0.0020000000949949026
State,Great Recession,4,9,1.130689024925232,0.5270611047744751,0.8387497663497925,0.610791802406311,0.0020000000949949026
State,Great Recession,4,10,1.1383802890777588,0.5300039052963257,0.8692572712898254,0.6130869388580322,0.0020000000949949026
State,Great Recession,4,11,0.9998127222061157,0.5224528312683105,0.7871124148368835,0.6084292531013489,0.0020000000949949026
State,Great Recession,4,12,0.9331095814704895,0.5078756213188171,0.791869580745697,0.5990135073661804,0.0020000000949949026
State,Great Recession,4,13,0.9723794460296631,0.4933026134967804,0.8067218065261841,0.5896263718605042,0.0020000000949949026
State,Great Recession,4,14,1.0602364540100098,0.4847646951675415,0.7871872782707214,0.5856072306632996,0.0020000000949949026
State,Great Recession,4,15,1.0126127004623413,0.481862336397171,0.7814049124717712,0.5873329639434814,0.0020000000949949026
State,Great Recession,4,16,0.8839767575263977,0.47608062624931335,0.751229465007782,0.5845813751220703,0.0020000000949949026
State,Great Recession,4,17,0.8463110327720642,0.4691292345523834,0.752547025680542,0.5794444680213928,0.0020000000949949026
State,Great Recession,4,18,0.783726692199707,0.46215227246284485,0.6714597344398499,0.5751171112060547,0.0020000000949949026
State,Great Recession,4,19,0.7548211216926575,0.4551299512386322,0.707263708114624,0.5710691809654236,0.0020000000949949026
State,Great Recession,4,20,0.7232678532600403,0.44911283254623413,0.7058907747268677,0.5654046535491943,0.0020000000949949026
State,Great Recession,4,21,1.1431058645248413,0.443218857049942,0.7798720002174377,0.5567388534545898,0.0020000000949949026
State,Great Recession,4,22,0.8580572605133057,0.43945443630218506,0.6850284337997437,0.5524088740348816,0.0020000000949949026
State,Great Recession,4,23,1.0534957647323608,0.43698346614837646,0.8172502517700195,0.5527782440185547,0.0020000000949949026
State,Great Recession,4,24,0.7224050760269165,0.43545499444007874,0.6787416934967041,0.5517435669898987,0.0020000000949949026
State,Great Recession,4,25,0.5134009718894958,0.439601331949234,0.5806625485420227,0.5571944713592529,0.0020000000949949026
State,Great Recession,4,26,0.9947214126586914,0.4385566711425781,0.8075393438339233,0.5605432987213135,0.0020000000949949026
State,Great Recession,4,27,0.7686555981636047,0.43669989705085754,0.7711907029151917,0.5631281733512878,0.0020000000949949026
State,Great Recession,4,28,0.7882825136184692,0.4365759491920471,0.7283416986465454,0.5631210207939148,0.0020000000949949026
State,Great Recession,4,29,0.6845842003822327,0.4331549406051636,0.6614222526550293,0.5611379146575928,0.0020000000949949026
State,Great Recession,4,30,0.7831810712814331,0.43049848079681396,0.7430245280265808,0.5587905645370483,0.0020000000949949026
State,Great Recession,4,31,1.0753767490386963,0.4296681582927704,0.784407377243042,0.55714350938797,0.0020000000949949026
State,Great Recession,4,32,0.8416022062301636,0.4297410249710083,0.7111807465553284,0.5557371973991394,0.0020000000949949026
State,Great Recession,4,33,0.8336622714996338,0.43329477310180664,0.6826856136322021,0.5600744485855103,0.0020000000949949026
State,Great Recession,4,34,0.8051746487617493,0.43619126081466675,0.7130938768386841,0.5624126195907593,0.0020000000949949026
State,Great Recession,4,35,0.7132316827774048,0.4399038851261139,0.6677366495132446,0.565558671951294,0.0020000000949949026
State,Great Recession,4,36,0.653801441192627,0.4424600303173065,0.6539784669876099,0.5701867341995239,0.0020000000949949026
State,Great Recession,4,37,0.727270245552063,0.4389546811580658,0.6505170464515686,0.5673398971557617,0.0020000000949949026
State,Great Recession,4,38,1.066380262374878,0.43760251998901367,0.8332661390304565,0.5685495734214783,0.0020000000949949026
State,Great Recession,4,39,0.6242674589157104,0.4379180371761322,0.6543190479278564,0.5719723105430603,0.0020000000949949026
State,Great Recession,4,40,0.7126996517181396,0.4375121593475342,0.6705471277236938,0.5732807517051697,0.0010000000474974513
State,Great Recession,4,41,0.7042297124862671,0.43612611293792725,0.6633893251419067,0.5722527503967285,0.0010000000474974513
State,Great Recession,4,42,0.6111406683921814,0.43537402153015137,0.6551318168640137,0.5718100070953369,0.0010000000474974513
State,Great Recession,4,43,0.7771977186203003,0.4354807138442993,0.7266755104064941,0.5719291567802429,0.0010000000474974513
State,Great Recession,4,44,0.7603558897972107,0.43568235635757446,0.5997899770736694,0.572763979434967,0.0010000000474974513
State,Great Recession,4,45,0.729407787322998,0.43646329641342163,0.6657710075378418,0.5738275051116943,0.0010000000474974513
State,Great Recession,4,46,0.7912706136703491,0.43622568249702454,0.6591748595237732,0.5728673338890076,0.0010000000474974513
State,Great Recession,4,47,1.007096767425537,0.4366600215435028,0.8018554449081421,0.5741097927093506,0.0010000000474974513
State,Great Recession,4,48,0.6111822724342346,0.4369407892227173,0.638321578502655,0.5747609734535217,5.000000237487257e-4
State,Great Recession,4,49,0.684205174446106,0.43683427572250366,0.6808910369873047,0.5749695897102356,5.000000237487257e-4
State,Great Recession,4,50,0.6491063833236694,0.43864452838897705,0.7071596384048462,0.577101469039917,5.000000237487257e-4
State,Great Recession,4,51,0.787762463092804,0.43966659903526306,0.7029638290405273,0.5786332488059998,5.000000237487257e-4
State,Great Recession,5,1,1.3090907335281372,1.135122537612915,0.835476815700531,0.834020733833313,0.0020000000949949026
State,Great Recession,5,2,1.3514554500579834,1.104775071144104,0.833401620388031,0.8098326921463013,0.0020000000949949026
State,Great Recession,5,3,0.9522712230682373,1.0801018476486206,0.6884883642196655,0.7877327799797058,0.0020000000949949026
State,Great Recession,5,4,1.1842620372772217,1.059765338897705,0.8189200162887573,0.7666664123535156,0.0020000000949949026
State,Great Recession,5,5,1.0783042907714844,1.0399911403656006,0.7558459639549255,0.7468240857124329,0.0020000000949949026
State,Great Recession,5,6,1.3188481330871582,1.0253230333328247,0.8274780511856079,0.7310984134674072,0.0020000000949949026
State,Great Recession,5,7,0.9130845069885254,1.0157214403152466,0.6808458566665649,0.7204490303993225,0.0020000000949949026
State,Great Recession,5,8,0.8096408843994141,1.005476713180542,0.6850771307945251,0.7088925242424011,0.0020000000949949026
State,Great Recession,5,9,0.6259353160858154,0.9973753690719604,0.6564830541610718,0.698740541934967,0.0020000000949949026
State,Great Recession,5,10,1.3987172842025757,0.9925369620323181,0.865056574344635,0.6898371577262878,0.0020000000949949026
State,Great Recession,5,11,0.774947464466095,0.988336980342865,0.6453880667686462,0.6802331209182739,0.0020000000949949026
State,Great Recession,5,12,0.8987702131271362,0.9777846932411194,0.7034525871276855,0.6678552031517029,0.0020000000949949026
State,Great Recession,5,13,0.874740481376648,0.9684719443321228,0.6327111721038818,0.664202868938446,0.0020000000949949026
State,Great Recession,5,14,0.6775563955307007,0.9615853428840637,0.5937744975090027,0.6630277633666992,0.0020000000949949026
State,Great Recession,5,15,0.9682132005691528,0.9564500451087952,0.7062392830848694,0.6608555316925049,0.0020000000949949026
State,Great Recession,5,16,0.7590029239654541,0.9525338411331177,0.7074719667434692,0.6583983302116394,0.0020000000949949026
State,Great Recession,5,17,0.8363803029060364,0.9486995339393616,0.6737499237060547,0.6567931175231934,0.0020000000949949026
State,Great Recession,5,18,0.8875188827514648,0.9462220072746277,0.697727382183075,0.65576171875,0.0020000000949949026
State,Great Recession,5,19,0.7907264828681946,0.9411659240722656,0.663792610168457,0.65268874168396,0.0020000000949949026
State,Great Recession,5,20,0.7303447127342224,0.9367349147796631,0.6098000407218933,0.6519671082496643,0.0020000000949949026
State,Great Recession,5,21,0.8492050766944885,0.933181643486023,0.6939734220504761,0.6522393822669983,0.0020000000949949026
State,Great Recession,5,22,0.8168923854827881,0.932007372379303,0.6570882797241211,0.6527332663536072,0.0020000000949949026
State,Great Recession,5,23,0.7795146703720093,0.9258592128753662,0.6238583326339722,0.65111243724823,0.0020000000949949026
State,Great Recession,5,24,0.8804683089256287,0.9212586879730225,0.7145833373069763,0.6489102840423584,0.0020000000949949026
State,Great Recession,5,25,0.8589934706687927,0.9195691347122192,0.6823223829269409,0.6475802063941956,0.0020000000949949026
State,Great Recession,5,26,0.8424675464630127,0.9214551448822021,0.7112640738487244,0.6494587659835815,0.0020000000949949026
State,Great Recession,5,27,0.5944839715957642,0.9227795004844666,0.5446453094482422,0.6500149965286255,0.0020000000949949026
State,Great Recession,5,28,0.914280116558075,0.9245750904083252,0.7609955668449402,0.6516792178153992,0.0020000000949949026
State,Great Recession,5,29,0.8759554028511047,0.9297345280647278,0.7239317893981934,0.6546399593353271,0.0020000000949949026
State,Great Recession,5,30,0.5884494185447693,0.9314610362052917,0.6142943501472473,0.656004011631012,0.0020000000949949026
State,Great Recession,5,31,0.5812824964523315,0.9309422373771667,0.5578567981719971,0.6578168869018555,0.0020000000949949026
State,Great Recession,5,32,0.7804057002067566,0.9312281012535095,0.6472172737121582,0.6590290069580078,0.0020000000949949026
State,Great Recession,5,33,0.45136964321136475,0.9282355904579163,0.5472742319107056,0.6595728397369385,0.0020000000949949026
State,Great Recession,5,34,0.8582676649093628,0.9267981648445129,0.6871329545974731,0.660218358039856,0.0010000000474974513
State,Great Recession,5,35,0.745031476020813,0.9253604412078857,0.6396918296813965,0.660252571105957,0.0010000000474974513
State,Great Recession,5,36,0.6661030054092407,0.9224251508712769,0.62984466552734375,0.6599043607711792,0.0010000000474974513
State,Great Recession,5,37,0.620201826095581,0.9219305515289307,0.5570854544639587,0.6606890559196472,0.0010000000474974513
State,Great Recession,5,38,0.7565594911575317,0.920592188835144,0.6294023394584656,0.6610280275344849,0.0010000000474974513
State,Great Recession,5,39,0.6212011575698853,0.9204232692718506,0.5629211068153381,0.6617777347564697,0.0010000000474974513
State,Great Recession,5,40,0.7236549854278564,0.9188531041145325,0.6117538809776306,0.6621231436729431,0.0010000000474974513
State,Great Recession,5,41,0.6232900619506836,0.9183328151702881,0.5983686447143555,0.6635728478431702,0.0010000000474974513
State,Great Recession,5,42,0.6653217673301697,0.9174374341964722,0.6850212812423706,0.6642491817474365,0.0010000000474974513
State,Great Recession,5,43,0.6745437383651733,0.9135670065879822,0.6603522300720215,0.662029504776001,0.0010000000474974513
State,Great Recession,5,44,0.39961618185043335,0.9115555286407471,0.46286314725875854,0.6617818474769592,0.0010000000474974513
State,Great Recession,5,45,0.5895126461982727,0.9099576473236084,0.5626237988471985,0.6619554162025452,0.0010000000474974513
State,Great Recession,5,46,0.786819577217102,0.9100244045257568,0.650361180305481,0.6616107225418091,0.0010000000474974513
State,Great Recession,5,47,0.5527385473251343,0.9117514491081238,0.6045817136764526,0.6627051830291748,0.0010000000474974513
State,Great Recession,5,48,0.8858577609062195,0.9143744707107544,0.6574525833129883,0.6647692918777466,0.0010000000474974513
State,Great Recession,5,49,0.8329320549964905,0.9202113747596741,0.6695225238800049,0.669023334980011,0.0010000000474974513
State,Great Recession,5,50,0.576938271522522,0.9224675297737122,0.56839919090271,0.6720404028892517,0.0010000000474974513
State,Great Recession,5,51,0.8738095760345459,0.925144612789154,0.7103940844535828,0.6751874089241028,0.0010000000474974513
State,Great Recession,5,52,0.6841028332710266,0.9291732311248779,0.6275457143783569,0.6803752183914185,0.0010000000474974513
State,Great Recession,5,53,0.6010482907295227,0.9302183985710144,0.5214734673500061,0.6821072697639465,0.0010000000474974513
State,Great Recession,5,54,0.4186996519565582,0.9325842261314392,0.5159612894058228,0.6842262744903564,5.000000237487257e-4
State,Great Recession,5,55,0.5333293080329895,0.9335227608680725,0.5343241691589355,0.6854180097579956,5.000000237487257e-4
State,Great Recession,5,56,0.5223496556282043,0.9345347285270691,0.5857944488525391,0.6855248808860779,5.000000237487257e-4
State,Great Recession,5,57,0.8592405915260315,0.9359313249588013,0.6909412145614624,0.6879761815071106,5.000000237487257e-4
State,Great Recession,5,58,0.675838053226471,0.9377090930938721,0.6377401351928711,0.6897534132003784,5.000000237487257e-4
State,Great Recession,5,59,0.9335395097732544,0.9377297163009644,0.7520461082458496,0.6906159520149231,5.000000237487257e-4
State,Great Recession,5,60,0.490756094455719,0.9413633346557617,0.5370627641677856,0.6922153830528259,5.000000237487257e-4
State,Great Recession,5,61,0.5083585977554321,0.9412263035774231,0.5354528427124023,0.6923083066940308,5.000000237487257e-4
State,Great Recession,5,62,0.5591491460800171,0.9426374435424805,0.5681747198104858,0.6938982009887695,2.500000118743628e-4
State,Great Recession,5,63,0.8264527916908264,0.9438983201980591,0.6767040491104126,0.6951337456703186,2.500000118743628e-4
State,Great Recession,5,64,0.7702944874763489,0.942132830619812,0.6946581602096558,0.6943117380142212,2.500000118743628e-4
State,Great Recession,5,65,0.7378110885620117,0.9431247711181641,0.6809782981872559,0.693291425704956,2.500000118743628e-4
State,COVID-19,1,1,1.2724530696868896,1.3618872165679932,0.8502966165542603,0.8569252490997314,0.0020000000949949026
State,COVID-19,1,2,0.8319082260131836,1.3514131307601929,0.7205920219421387,0.851656973361969,0.0020000000949949026
State,COVID-19,1,3,1.2543398141860962,1.334374189376831,0.8327764868736267,0.8454828262329102,0.0020000000949949026
State,COVID-19,1,4,1.100079894065857,1.3240859508514404,0.8470529317855835,0.838901698589325,0.0020000000949949026
State,COVID-19,1,5,1.3340102434158325,1.3149645328521729,0.8457422852516174,0.8327715396881104,0.0020000000949949026
State,COVID-19,1,6,0.9039990901947021,1.3067628145217896,0.7428785562515259,0.8287524580955505,0.0020000000949949026
State,COVID-19,1,7,0.9490461349487305,1.2954367399215698,0.7290017604827881,0.8256396651268005,0.0020000000949949026
State,COVID-19,1,8,0.9855201244354248,1.2839256525039673,0.768065333366394,0.8229674100875854,0.0020000000949949026
State,COVID-19,1,9,0.8930363655090332,1.2610325813293457,0.7464011311531067,0.8183431029319763,0.0020000000949949026
State,COVID-19,1,10,0.7416274547576904,1.2453147172927856,0.6641683578491211,0.8142397999763489,0.0020000000949949026
State,COVID-19,1,11,0.8520344495773315,1.235394835472107,0.7034199237823486,0.8128121495246887,0.0020000000949949026
State,COVID-19,1,12,0.9210395812988281,1.2231580018997192,0.7420663833618164,0.8119621276855469,0.0020000000949949026
State,COVID-19,1,13,1.1243046522140503,1.2040287256240845,0.8375438451766968,0.8116703629493713,0.0020000000949949026
State,COVID-19,1,14,0.8565191030502319,1.1917463541030884,0.7146177291870117,0.8120757341384888,0.0020000000949949026
State,COVID-19,1,15,0.700891375541687,1.1787075996398926,0.7028300166130066,0.8090121746063232,0.0020000000949949026
State,COVID-19,1,16,0.7542560696601868,1.1610194444656372,0.6445310711860657,0.8031724095344543,0.0020000000949949026
State,COVID-19,1,17,0.7635231018066406,1.1429952383041382,0.6504976749420166,0.796668529510498,0.0020000000949949026
State,COVID-19,1,18,0.804256021976471,1.1276977062225342,0.6834338903427124,0.7897337079048157,0.0020000000949949026
State,COVID-19,1,19,0.6945514678955078,1.1162981986999512,0.6766643524169922,0.7829317450523376,0.0020000000949949026
State,COVID-19,1,20,0.7493047714233398,1.1057988405227661,0.6967908143997192,0.7770326137542725,0.0020000000949949026
State,COVID-19,1,21,0.8321989178657532,1.0977002382278442,0.6764568090438843,0.7721491456031799,0.0020000000949949026
State,COVID-19,1,22,0.8452345728874207,1.0948151350021362,0.7220867872238159,0.7689259052276611,0.0020000000949949026
State,COVID-19,1,23,0.6993155479431152,1.089633584022522,0.6509914994239807,0.7652374505996704,0.0020000000949949026
State,COVID-19,1,24,0.4883541464805603,1.0783677101135254,0.552765429019928,0.7613716721534729,0.0020000000949949026
State,COVID-19,1,25,0.4654586613178253,1.058721661567688,0.5179033875465393,0.7550162672996521,0.0020000000949949026
State,COVID-19,1,26,0.7093756198883057,1.0498429536819458,0.6830487847328186,0.7519273161888123,0.0020000000949949026
State,COVID-19,1,27,0.6812291741371155,1.0358010530471802,0.5915943384170532,0.7469873428344727,0.0020000000949949026
State,COVID-19,1,28,0.590340256690979,1.0198918581008911,0.626514196395874,0.7405944466590881,0.0020000000949949026
State,COVID-19,1,29,0.6507241129875183,0.9964319467544556,0.6455864906311035,0.731399416923523,0.0020000000949949026
State,COVID-19,1,30,0.6137828826904297,0.978641927242279,0.6132693886756897,0.7246663570404053,0.0020000000949949026
State,COVID-19,1,31,0.547702431678772,0.9658750891685486,0.5738524794578552,0.7186066508293152,0.0020000000949949026
State,COVID-19,1,32,0.5535415410995483,0.9485282897949219,0.5792065262794495,0.7142243385314941,0.0020000000949949026
State,COVID-19,1,33,0.6104801893234253,0.9399739503860474,0.6138057708740234,0.7114144563674927,0.0020000000949949026
State,COVID-19,1,34,0.5056502819061279,0.9157454371452332,0.5134445428848267,0.705217719078064,0.0020000000949949026
State,COVID-19,1,35,0.43397313356399536,0.8926594257354736,0.5399124026298523,0.6983765363693237,0.0020000000949949026
State,COVID-19,1,36,0.6170271635055542,0.8773996829986572,0.574232816696167,0.6951255202293396,0.0020000000949949026
State,COVID-19,1,37,0.5131505727767944,0.8703189492225647,0.5575911402702332,0.6931436061859131,0.0020000000949949026
State,COVID-19,1,38,0.421575129032135,0.8659977912902832,0.49050256609916687,0.691191554069519,0.0020000000949949026
State,COVID-19,1,39,0.496534526348114,0.8573102951049805,0.5315091609954834,0.6891827583312988,0.0020000000949949026
State,COVID-19,1,40,0.7236685752868652,0.8495236039161682,0.650550901889801,0.6848606467247009,0.0020000000949949026
State,COVID-19,1,41,0.6299408078193665,0.8405912518501282,0.5699849128723145,0.6809356212615967,0.0020000000949949026
State,COVID-19,1,42,0.5066889524459839,0.8488286137580872,0.5427314043045044,0.683954656124115,0.0020000000949949026
State,COVID-19,1,43,0.5734250545501709,0.8527666926383972,0.6134752035140991,0.6851757168769836,0.0020000000949949026
State,COVID-19,1,44,0.5526255369186401,0.8671454191207886,0.5966148972511292,0.6891177296638489,0.0020000000949949026
State,COVID-19,1,45,0.5825178623199463,0.8720704317092896,0.6208930015563965,0.6880724430084229,0.0020000000949949026
State,COVID-19,1,46,0.581444263458252,0.8723879456520081,0.5755148530006409,0.6885280609130859,0.0020000000949949026
State,COVID-19,1,47,0.5713781118392944,0.8698371052742004,0.5104328989982605,0.6923683285713196,0.0020000000949949026
State,COVID-19,1,48,0.6851623058319092,0.877536952495575,0.6670587062835693,0.696758508682251,0.0020000000949949026
State,COVID-19,1,49,0.5127183794975281,0.8697348237037659,0.5907015800476074,0.6984628438949585,0.0020000000949949026
State,COVID-19,1,50,0.552494466304779,0.8588336706161499,0.4690462350845337,0.6970568895339966,0.0010000000474974513
State,COVID-19,1,51,0.516244649887085,0.8552950024604797,0.5878515243530273,0.6967198848724365,0.0010000000474974513
State,COVID-19,1,52,0.5399453043937683,0.8536463975906372,0.5869694352149963,0.6967937350273132,0.0010000000474974513
State,COVID-19,1,53,0.6195919513702393,0.8483193516731262,0.575747549533844,0.6956800222396851,0.0010000000474974513
State,COVID-19,1,54,0.41759443283081055,0.8455910086631775,0.5459946393966675,0.6953203678131104,0.0010000000474974513
State,COVID-19,1,55,0.3948783576488495,0.8395987153053284,0.5147495269775391,0.6940776109695435,0.0010000000474974513
State,COVID-19,1,56,0.5598118305206299,0.8301119804382324,0.5538121461868286,0.692220151424408,0.0010000000474974513
State,COVID-19,1,57,0.40303003787994385,0.82151031494140625,0.5274196863174438,0.6904397010803223,0.0010000000474974513
State,COVID-19,1,58,0.5557273626327515,0.8147192597389221,0.6111291646957397,0.6899259686470032,0.0010000000474974513
State,COVID-19,1,59,0.5072979927062988,0.8113992810249329,0.5304160118103027,0.6894794702529907,0.0010000000474974513
State,COVID-19,1,60,0.6982467174530029,0.8078868985176086,0.6704649925231934,0.6896354556083679,0.0010000000474974513
State,COVID-19,1,61,0.4890289306640625,0.7974509000778198,0.5800176858901978,0.6887431740760803,0.0010000000474974513
State,COVID-19,1,62,0.3705757260322571,0.7956840991973877,0.4937867522239685,0.6891239285469055,0.0010000000474974513
State,COVID-19,1,63,0.5777209401130676,0.7952102422714233,0.5702189803123474,0.6895154118537903,0.0010000000474974513
State,COVID-19,1,64,0.6141960024833679,0.7962583899497986,0.6196101307868958,0.6907362341880798,0.0010000000474974513
State,COVID-19,1,65,0.641647458076477,0.7987832427024841,0.5976065993309021,0.6914970874786377,0.0010000000474974513
State,COVID-19,1,66,0.60578852891922,0.7953718304634094,0.640478253364563,0.6913335919380188,0.0010000000474974513
State,COVID-19,1,67,0.38985759019851685,0.7987993955612183,0.501873791217804,0.6923302412033081,0.0010000000474974513
State,COVID-19,1,68,0.39605340361595154,0.7981311678886414,0.49771010875701904,0.6920551061630249,0.0010000000474974513
State,COVID-19,1,69,0.5359680652618408,0.797385573387146,0.5776883363723755,0.6915897727012634,0.0010000000474974513
State,COVID-19,1,70,0.30513519048690796,0.7928093075752258,0.44113659858703613,0.6893298625946045,0.0010000000474974513
State,COVID-19,1,71,0.47040438652038574,0.7868116497993469,0.5619622468948364,0.6871373057365417,0.0010000000474974513
State,COVID-19,1,72,0.441121906042099,0.7840925455093384,0.5200973749160767,0.6864067912101746,0.0010000000474974513
State,COVID-19,1,73,0.8006118535995483,0.7849048376083374,0.7281560897827148,0.6867801547050476,0.0010000000474974513
State,COVID-19,1,74,0.43893373012542725,0.7891830801963806,0.5151453018188477,0.6884002089500427,0.0010000000474974513
State,COVID-19,1,75,0.5132257342338562,0.7940742373466492,0.5780472755432129,0.6907075047492981,0.0010000000474974513
State,COVID-19,1,76,0.5645787715911865,0.7930079698562622,0.5557542443275452,0.6904221773147583,0.0010000000474974513
State,COVID-19,1,77,0.415109783411026,0.788553774356842,0.47590726613998413,0.6893377900123596,0.0010000000474974513
State,COVID-19,1,78,0.48164117336273193,0.7751811742782593,0.5738004446029663,0.6843433976173401,0.0010000000474974513
State,COVID-19,1,79,0.752577543258667,0.7693377137184143,0.654902458190918,0.680645227432251,0.0010000000474974513
State,COVID-19,1,80,0.4757953882217407,0.7629110813140869,0.5811361074447632,0.6770340800285339,0.0010000000474974513
State,COVID-19,1,81,0.4525492489337921,0.7648928165435791,0.5462898015975952,0.6773271560668945,0.0010000000474974513
State,COVID-19,1,82,0.44437986612319946,0.7627538442611694,0.5321729183197021,0.6765614748001099,0.0010000000474974513
State,COVID-19,1,83,0.5585569739341736,0.7569320797920227,0.5631293654441833,0.6749615669250488,0.0010000000474974513
State,COVID-19,1,84,0.6767420768737793,0.7553062438964844,0.6600719690322876,0.6740784049034119,0.0010000000474974513
State,COVID-19,1,85,0.45416200160980225,0.7569384574890137,0.5477383136749268,0.6742002964019775,0.0010000000474974513
State,COVID-19,1,86,0.6840300559997559,0.7583015561103821,0.6595234870910645,0.6743722558021545,0.0010000000474974513
State,COVID-19,1,87,0.41989409923553467,0.755761981010437,0.56248539686203,0.673525869846344,0.0010000000474974513
State,COVID-19,1,88,0.46295008063316345,0.7611691951751709,0.5621204972267151,0.6747141480445862,0.0010000000474974513
State,COVID-19,1,89,0.42923322319984436,0.7656442523002625,0.5279326438903809,0.6754631996154785,0.0010000000474974513
State,COVID-19,1,90,0.8558481335639954,0.7679727077484131,0.6932588815689087,0.676781952381134,0.0010000000474974513
State,COVID-19,1,91,0.4768936038017273,0.7663092017173767,0.5842280387878418,0.675495982170105,0.0010000000474974513
State,COVID-19,1,92,0.3944852948188782,0.7639929056167603,0.47197261452674866,0.6745619177818298,0.0010000000474974513
State,COVID-19,1,93,0.3601202070713043,0.7646653652191162,0.49622148275375366,0.6744017004966736,5.000000237487257e-4
State,COVID-19,1,94,0.5921746492385864,0.7603552341461182,0.6265586614608765,0.6724851727485657,5.000000237487257e-4
State,COVID-19,1,95,0.6835892200469971,0.7574259042739868,0.6003093123435974,0.6715331077575684,5.000000237487257e-4
State,COVID-19,1,96,0.649914026260376,0.7538497447967529,0.5979889631271362,0.6703871488571167,5.000000237487257e-4
State,COVID-19,1,97,0.3546634018421173,0.7529923319816589,0.4592369496822357,0.6701076626777649,5.000000237487257e-4
State,COVID-19,1,98,0.8720395565032959,0.755851686000824,0.7010952234268188,0.6709331274032593,5.000000237487257e-4
State,COVID-19,1,99,0.40123870968818665,0.7561205625534058,0.5091386437416077,0.6708057522773743,5.000000237487257e-4
State,COVID-19,1,100,0.6755430698394775,0.7552526593208313,0.6187747716903687,0.6709643602371216,5.000000237487257e-4
State,COVID-19,1,101,0.5210633277893066,0.7575756907463074,0.5185171961784363,0.6727483868598938,5.000000237487257e-4
State,COVID-19,1,102,0.474790096282959,0.7574191093444824,0.5626333355903625,0.6729785799980164,5.000000237487257e-4
State,COVID-19,1,103,0.5757119655609131,0.7573601007461548,0.5681332349777222,0.6724535822868347,5.000000237487257e-4
State,COVID-19,1,104,0.5006883144378662,0.7586764097213745,0.5648948550224304,0.6727213859558105,5.000000237487257e-4
State,COVID-19,1,105,0.5630123615264893,0.7583144307136536,0.5924503207206726,0.6724830269813538,5.000000237487257e-4
State,COVID-19,1,106,0.5049991011619568,0.7570779919624329,0.536074161529541,0.6717963814735413,2.500000118743628e-4
State,COVID-19,1,107,0.504985511302948,0.7610137462615967,0.49128448963165283,0.6725776195526123,2.500000118743628e-4
State,COVID-19,1,108,0.4671708643436432,0.7597087025642395,0.505439281463623,0.6717795729637146,2.500000118743628e-4
State,COVID-19,1,109,0.5768086314201355,0.7588050961494446,0.523963987827301,0.6719079613685608,2.500000118743628e-4
State,COVID-19,1,110,0.5332924723625183,0.7594408988952637,0.5785636901855469,0.6724268794059753,2.500000118743628e-4
State,COVID-19,1,111,0.4155201017856598,0.7603806853294373,0.48562949895858765,0.6728215217590332,2.500000118743628e-4
State,COVID-19,1,112,0.3888154625892639,0.7610301971435547,0.5154644250869751,0.6732496619224548,2.500000118743628e-4
State,COVID-19,1,113,0.4161134958267212,0.7613847255706787,0.5093969106674194,0.6744242906570435,2.500000118743628e-4
State,COVID-19,1,114,0.2684614658355713,0.7630564570426941,0.4133031368255615,0.6748334765434265,1.250000059371814e-4
State,COVID-19,1,115,0.501431405544281,0.7628217339515686,0.57347571849823,0.6752520799636841,1.250000059371814e-4
State,COVID-19,1,116,0.28598830103874207,0.7620327472686768,0.41569551825523376,0.6749776601791382,1.250000059371814e-4
State,COVID-19,1,117,0.46046406030654907,0.7657342553138733,0.5082892179489136,0.6757192611694336,1.250000059371814e-4
State,COVID-19,2,1,1.0749495029449463,0.36031678318977356,0.8574017286300659,0.4062824547290802,0.0020000000949949026
State,COVID-19,2,2,1.585790991783142,0.3509579300880432,1.0148476362228394,0.39955180883407593,0.0020000000949949026
State,COVID-19,2,3,1.3415582180023193,0.3461161255836487,0.9283343553543091,0.4000507891178131,0.0020000000949949026
State,COVID-19,2,4,0.7749606370925903,0.34337368607521057,0.7314436435699463,0.39963141083717346,0.0020000000949949026
State,COVID-19,2,5,0.701917290687561,0.33931267261505127,0.6813476085662842,0.39859458804130554,0.0020000000949949026
State,COVID-19,2,6,0.8940403461456299,0.3337198495864868,0.725940465927124,0.39789095520973206,0.0020000000949949026
State,COVID-19,2,7,0.9199362993240356,0.33114978671073914,0.7147563695907593,0.4002998173236847,0.0020000000949949026
State,COVID-19,2,8,0.588398814201355,0.3288435637950897,0.6352497935295105,0.4046586751937866,0.0020000000949949026
State,COVID-19,2,9,0.9021653532981873,0.32701537013053894,0.7344216108322144,0.40750575065612793,0.0020000000949949026
State,COVID-19,2,10,0.47305384278297424,0.3225671947002411,0.5514598488807678,0.4094502031803131,0.0020000000949949026
State,COVID-19,2,11,0.5453206300735474,0.3167928457260132,0.6082027554512024,0.4077335298061371,0.0020000000949949026
State,COVID-19,2,12,0.7548076510429382,0.3171684145927429,0.6847329139709473,0.40809333324432373,0.0020000000949949026
State,COVID-19,2,13,0.4613650441169739,0.31302177906036377,0.5692338347434998,0.40615278482437134,0.0020000000949949026
State,COVID-19,2,14,0.5243425369262695,0.3077355623245239,0.5892939567565918,0.40302154421806335,0.0020000000949949026
State,COVID-19,2,15,0.5279128551483154,0.30290403962135315,0.5926269292831421,0.40054285526275635,0.0020000000949949026
State,COVID-19,2,16,0.48303213715553284,0.3020875155925751,0.49970850348472595,0.4009603261947632,0.0020000000949949026
State,COVID-19,2,17,0.4430244266986847,0.30360785126686096,0.5228297710418701,0.4044053852558136,0.0020000000949949026
State,COVID-19,2,18,0.6398763656616211,0.3050185441970825,0.6596119999885559,0.4067889451980591,0.0020000000949949026
State,COVID-19,2,19,0.5934075117111206,0.30149045586586,0.5703345537185669,0.40476182103157043,0.0020000000949949026
State,COVID-19,2,20,0.3212112784385681,0.2984330356121063,0.42603713274002075,0.4007317125797272,0.0020000000949949026
State,COVID-19,2,21,0.4615272283554077,0.3017860949039459,0.5742388963699341,0.4027332067489624,0.0020000000949949026
State,COVID-19,2,22,0.5634642839431763,0.303825318813324,0.6420162320137024,0.4076274633407593,0.0020000000949949026
State,COVID-19,2,23,0.5654833912849426,0.30545175075531006,0.5889865756034851,0.4095129072666168,0.0020000000949949026
State,COVID-19,2,24,0.7008154988288879,0.3076954782009125,0.6056182384490967,0.412666380405426,0.0020000000949949026
State,COVID-19,2,25,0.31984248757362366,0.3023304045200348,0.44213417172431946,0.40764686465263367,0.0020000000949949026
State,COVID-19,2,26,0.625454306602478,0.3020324110984802,0.6117902994155884,0.41075780987739563,0.0020000000949949026
State,COVID-19,2,27,0.4405149817466736,0.3015521466732025,0.527848482131958,0.4111935794353485,0.0020000000949949026
State,COVID-19,2,28,0.5018188953399658,0.304063081741333,0.5629347562789917,0.4158051013946533,0.0020000000949949026
State,COVID-19,2,29,0.40049123764038086,0.30307886004447937,0.5153235793113708,0.4151248037815094,0.0010000000474974513
State,COVID-19,2,30,0.5597207546234131,0.2985920011997223,0.6081681251525879,0.4091566801071167,0.0010000000474974513
State,COVID-19,2,31,0.3584386706352234,0.2981080710887909,0.4717874526977539,0.40656521916389465,0.0010000000474974513
State,COVID-19,2,32,0.39233827590942383,0.3009338974952698,0.5024736523628235,0.4068335294723511,0.0010000000474974513
State,COVID-19,2,33,0.4067442715167999,0.3066326975822449,0.5303189754486084,0.40893596410751343,0.0010000000474974513
State,COVID-19,2,34,0.4827514886856079,0.3082241714000702,0.5264100432395935,0.40859001874923706,0.0010000000474974513
State,COVID-19,2,35,0.5402369499206543,0.30642324686050415,0.5705011487007141,0.4073840379714966,0.0010000000474974513
State,COVID-19,2,36,0.35846126079559326,0.3010711073875427,0.467486709356308,0.4009774923324585,0.0010000000474974513
State,COVID-19,2,37,0.4301891028881073,0.3019329011440277,0.5317211747169495,0.3999546766281128,0.0010000000474974513
State,COVID-19,2,38,0.7448505163192749,0.305255651473999,0.6192864179611206,0.4011628031730652,0.0010000000474974513
State,COVID-19,2,39,0.5381214618682861,0.3089780807495117,0.5868117809295654,0.4045496881008148,0.0010000000474974513
State,COVID-19,2,40,0.2542235255241394,0.3095461130142212,0.39386117458343506,0.4045011103153229,5.000000237487257e-4
State,COVID-19,2,41,0.37170934677124023,0.31168827414512634,0.4862610697746277,0.4057781994342804,5.000000237487257e-4
State,COVID-19,2,42,0.3441069722175598,0.312172532081604,0.4495460093021393,0.4057064354419708,5.000000237487257e-4
State,COVID-19,2,43,0.6438649892807007,0.31510698795318604,0.5691943168640137,0.4078550636768341,5.000000237487257e-4
State,COVID-19,2,44,0.5050607323646545,0.31660395860671997,0.5330869555473328,0.4087986648082733,5.000000237487257e-4
State,COVID-19,2,45,0.36649686098098755,0.3193366527557373,0.45922595262527466,0.41189849376678467,5.000000237487257e-4
State,COVID-19,2,46,0.3976665139198303,0.321296751499176,0.48788776993751526,0.41367942094802856,5.000000237487257e-4
State,COVID-19,2,47,0.4858349561691284,0.323083758354187,0.49318450689315796,0.4161927402019501,5.000000237487257e-4
State,COVID-19,2,48,0.4423859119415283,0.32777613401412964,0.5356192588806152,0.4193604290485382,2.500000118743628e-4
State,COVID-19,2,49,0.3768504559993744,0.32866623997688293,0.46260321140289307,0.41878828406333923,2.500000118743628e-4
State,COVID-19,2,50,0.29433631896972656,0.32929670810699463,0.43260619044303894,0.4192695915699005,2.500000118743628e-4
State,COVID-19,2,51,0.5507756471633911,0.33121582865715027,0.593601405620575,0.42100226879119873,2.500000118743628e-4
State,COVID-19,3,1,1.8241236209869385,1.2046337127685547,1.0900554656982422,0.8948341012001038,0.0020000000949949026
State,COVID-19,3,2,1.7294496297836304,1.1129157543182373,1.0181653499603271,0.8473833203315735,0.0020000000949949026
State,COVID-19,3,3,1.2345094680786133,1.0652096271514893,0.8385336399078369,0.8186209201812744,0.0020000000949949026
State,COVID-19,3,4,1.2400603294372559,1.0349819660186768,0.8706626892089844,0.7979071736335754,0.0020000000949949026
State,COVID-19,3,5,1.1023997068405151,1.0128517150878906,0.840572714805603,0.7903931140899658,0.0020000000949949026
State,COVID-19,3,6,1.0538511276245117,0.9966797232627869,0.8521649837493896,0.7970229983329773,0.0020000000949949026
State,COVID-19,3,7,0.9579135179519653,0.9776628017425537,0.8172229528427124,0.8002448678016663,0.0020000000949949026
State,COVID-19,3,8,0.6030485033988953,0.9586800336837769,0.64753657579422,0.7994725704193115,0.0020000000949949026
State,COVID-19,3,9,0.7666873931884766,0.9403565526008606,0.7163267135620117,0.7964183688163757,0.0020000000949949026
State,COVID-19,3,10,1.0822442770004272,0.9206491112709045,0.8066048622131348,0.7924052476882935,0.0020000000949949026
State,COVID-19,3,11,0.9538673162460327,0.9031152725219727,0.7498335242271423,0.7889882326126099,0.0020000000949949026
State,COVID-19,3,12,0.8064513206481934,0.885337769985199,0.7352625131607056,0.7853701114654541,0.0020000000949949026
State,COVID-19,3,13,0.9710354804992676,0.8748814463615417,0.817998468875885,0.7865070104598999,0.0020000000949949026
State,COVID-19,3,14,0.8326706886291504,0.8692668676376343,0.7410565614700317,0.7874366044998169,0.0020000000949949026
State,COVID-19,3,15,0.7730811238288879,0.875148355960846,0.6968324184417725,0.7927196025848389,0.0020000000949949026
State,COVID-19,3,16,0.8602477312088013,0.8930230736732483,0.763484537601471,0.8019682765007019,0.0020000000949949026
State,COVID-19,3,17,0.7611962556838989,0.8994871973991394,0.7080252170562744,0.8044734001159668,0.0020000000949949026
State,COVID-19,3,18,0.6053140163421631,0.9083831310272217,0.6503743529319763,0.8077886700630188,0.0020000000949949026
State,COVID-19,3,19,0.6967710852622986,0.9050465822219849,0.6554742455482483,0.8077723979949951,0.0020000000949949026
State,COVID-19,3,20,0.8327158689498901,0.8964484333992004,0.7135801315307617,0.8061476945877075,0.0020000000949949026
State,COVID-19,3,21,0.7687271237373352,0.8623034954071045,0.7375429272651672,0.7896782755851746,0.0020000000949949026
State,COVID-19,3,22,0.6645715832710266,0.8251181244850159,0.7016735076904297,0.7746776938438416,0.0020000000949949026
State,COVID-19,3,23,0.707754373550415,0.8076024055480957,0.6704075336456299,0.7676379084587097,0.0020000000949949026
State,COVID-19,3,24,0.6060788631439209,0.7979047298431396,0.6376733779907227,0.7630895376205444,0.0020000000949949026
State,COVID-19,3,25,0.5672831535339355,0.7821967601776123,0.6270172595977783,0.7584424018859863,0.0020000000949949026
State,COVID-19,3,26,0.6584634780883789,0.7620208263397217,0.6177939772605896,0.7518685460090637,0.0020000000949949026
State,COVID-19,3,27,0.7145456075668335,0.7475879192352295,0.654649019241333,0.7486335635185242,0.0020000000949949026
State,COVID-19,3,28,0.5873019695281982,0.721843957901001,0.5927337408065796,0.7399370670318604,0.0020000000949949026
State,COVID-19,3,29,0.49972808361053467,0.6993114948272705,0.5384315848350525,0.732650876045227,0.0020000000949949026
State,COVID-19,3,30,0.7013571858406067,0.6982974410057068,0.6742546558380127,0.7323399186134338,0.0020000000949949026
State,COVID-19,3,31,0.586776852607727,0.6834020018577576,0.6384550333023071,0.7236955761909485,0.0020000000949949026
State,COVID-19,3,32,0.4835733473300934,0.6677671670913696,0.5543851852416992,0.7156976461410522,0.0020000000949949026
State,COVID-19,3,33,0.7104078531265259,0.6538865566253662,0.7336857318878174,0.7063521146774292,0.0020000000949949026
State,COVID-19,3,34,0.5698176622390747,0.6547883152961731,0.6387253999710083,0.7018316388130188,0.0020000000949949026
State,COVID-19,3,35,0.4489137828350067,0.6548193097114563,0.5358038544654846,0.6963207721710205,0.0020000000949949026
State,COVID-19,3,36,0.5589488744735718,0.6507359743118286,0.5865470170974731,0.688906729221344,0.0020000000949949026
State,COVID-19,3,37,0.7572146654129028,0.6474766731262207,0.626092791557312,0.6812907457351685,0.0020000000949949026
State,COVID-19,3,38,0.49259787797927856,0.6551764607429504,0.562687337398529,0.6780545711517334,0.0020000000949949026
State,COVID-19,3,39,0.3938067555427551,0.6411960124969482,0.5167457461357117,0.6693578362464905,0.0020000000949949026
State,COVID-19,3,40,0.5940257906913757,0.6108977794647217,0.6240478754043579,0.6545562744140625,0.0020000000949949026
State,COVID-19,3,41,0.5465199947357178,0.5947628021240234,0.5879386067390442,0.6503484845161438,0.0020000000949949026
State,COVID-19,3,42,0.9697561264038086,0.5947942137718201,0.7919086217880249,0.6525633335113525,0.0020000000949949026
State,COVID-19,3,43,0.47969338297843933,0.6080142855644226,0.5596199035644531,0.6571027636528015,0.0020000000949949026
State,COVID-19,3,44,0.6669316291809082,0.6120455265045166,0.6866220235824585,0.6628603935241699,0.0020000000949949026
State,COVID-19,3,45,0.3809971511363983,0.6161104440689087,0.487128347158432,0.6679715514183044,0.0020000000949949026
State,COVID-19,3,46,0.4753047227859497,0.6128625273704529,0.5855380892753601,0.6680376529693604,0.0020000000949949026
State,COVID-19,3,47,0.656917154788971,0.6060007810592651,0.6024879813194275,0.6644924879074097,0.0020000000949949026
State,COVID-19,3,48,0.44196343421936035,0.5941591262817383,0.4849880635738373,0.6593545079231262,0.0020000000949949026
State,COVID-19,3,49,0.5092098712921143,0.5909869074821472,0.554987907409668,0.6573960781097412,0.0020000000949949026
State,COVID-19,3,50,0.4807965159416199,0.5971160531044006,0.5533920526504517,0.6608647704124451,0.0020000000949949026
State,COVID-19,3,51,0.509871780872345,0.5875653028488159,0.57989901304245,0.658333957195282,0.0020000000949949026
State,COVID-19,3,52,0.45386070013046265,0.5584485530853271,0.5687490701675415,0.6450387835502625,0.0020000000949949026
State,COVID-19,3,53,0.5791283249855042,0.5511249303817749,0.6350962519645691,0.6399573087692261,0.0020000000949949026
State,COVID-19,3,54,0.4162892997264862,0.5511189103126526,0.5296335816383362,0.6384578347206116,0.0020000000949949026
State,COVID-19,3,55,0.33830714225769043,0.5400649905204773,0.4662829041481018,0.6327431201934814,0.0020000000949949026
State,COVID-19,3,56,0.4452632665634155,0.528434157371521,0.5299721956253052,0.6234204173088074,0.0020000000949949026
State,COVID-19,3,57,0.3740488290786743,0.5270322561264038,0.5363428592681885,0.6210237145423889,0.0020000000949949026
State,COVID-19,3,58,0.4832756221294403,0.5182838439941406,0.5294700264930725,0.6159111261367798,0.0020000000949949026
State,COVID-19,3,59,0.5841479301452637,0.5076457262039185,0.6511544585227966,0.6096256375312805,0.0020000000949949026
State,COVID-19,3,60,0.5083295702934265,0.48971468210220337,0.585118293762207,0.6003963351249695,0.0020000000949949026
State,COVID-19,3,61,0.40612131357192993,0.4794147312641144,0.5332117676734924,0.5946255922317505,0.0020000000949949026
State,COVID-19,3,62,0.3207337558269501,0.4899827539920807,0.4629283547401428,0.5989699363708496,0.0020000000949949026
State,COVID-19,3,63,0.5864874720573425,0.5130746960639954,0.6373828649520874,0.6153820753097534,0.0020000000949949026
State,COVID-19,3,64,0.411187082529068,0.5275900959968567,0.5134060978889465,0.6232662200927734,0.0020000000949949026
State,COVID-19,3,65,0.5786243677139282,0.5424363017082214,0.5891457796096802,0.6297289729118347,0.0020000000949949026
State,COVID-19,3,66,0.5511851906776428,0.538209080696106,0.6008827686309814,0.6281039714813232,0.0020000000949949026
State,COVID-19,3,67,0.5096086263656616,0.5325425863265991,0.5348597764968872,0.6270994544029236,0.0020000000949949026
State,COVID-19,3,68,0.5020185708999634,0.4995260238647461,0.5228544473648071,0.6109353303909302,0.0020000000949949026
State,COVID-19,3,69,0.5168673396110535,0.4715210199356079,0.5488954186439514,0.5926679372787476,0.0020000000949949026
State,COVID-19,3,70,0.3404790759086609,0.4544154405593872,0.4979493021965027,0.5786552429199219,0.0020000000949949026
State,COVID-19,3,71,0.4507068395614624,0.44115322828292847,0.5578973293304443,0.5683894753456116,0.0020000000949949026
State,COVID-19,3,72,0.5045573115348816,0.4297630190849304,0.5521049499511719,0.561343252658844,0.0020000000949949026
State,COVID-19,3,73,0.34374454617500305,0.4283953905105591,0.44910696148872375,0.5597715377807617,0.0020000000949949026
State,COVID-19,3,74,0.4936774671077728,0.426568865776062,0.5673213005065918,0.5616057515144348,0.0020000000949949026
State,COVID-19,3,75,0.3889021873474121,0.42015016078948975,0.45349907875061035,0.5570971965789795,0.0020000000949949026
State,COVID-19,3,76,0.423031210899353,0.4191710352897644,0.4957428574562073,0.5584590435028076,0.0020000000949949026
State,COVID-19,3,77,0.4108660817146301,0.42227745056152344,0.5110225677490234,0.5603694915771484,0.0020000000949949026
State,COVID-19,3,78,0.7250262498855591,0.42124128341674805,0.7017287611961365,0.55895233154296875,0.0020000000949949026
State,COVID-19,3,79,0.5627492666244507,0.41826993227005005,0.5935959219932556,0.5558996200561523,0.0020000000949949026
State,COVID-19,3,80,0.3604613244533539,0.4177877604961395,0.48314398527145386,0.5539827346801758,0.0020000000949949026
State,COVID-19,3,81,0.5505492687225342,0.41545507311820984,0.6051290035247803,0.5505437254905701,0.0020000000949949026
State,COVID-19,3,82,0.4862005114555359,0.41064515709877014,0.5661869049072266,0.5448066592216492,0.0020000000949949026
State,COVID-19,3,83,0.33536383509635925,0.4151464104652405,0.46471381187438965,0.5446579456329346,0.0020000000949949026
State,COVID-19,3,84,0.33920732140541077,0.414349228143692,0.4538695812225342,0.5424987077713013,0.0020000000949949026
State,COVID-19,3,85,0.47241532802581787,0.4173288941383362,0.537080705165863,0.5444697141647339,0.0020000000949949026
State,COVID-19,3,86,0.7645540237426758,0.41870662569999695,0.6864979267120361,0.5466951131820679,0.0020000000949949026
State,COVID-19,3,87,0.5246223211288452,0.4263724684715271,0.5527671575546265,0.5476574301719666,0.0020000000949949026
State,COVID-19,3,88,0.47400572896003723,0.4258366525173187,0.5598651766777039,0.5483357310295105,0.0020000000949949026
State,COVID-19,3,89,0.4638742208480835,0.41789859533309937,0.5845889449119568,0.5448997616767883,0.0020000000949949026
State,COVID-19,3,90,0.36167269945144653,0.4166974425315857,0.47812503576278687,0.5444173812866211,0.0020000000949949026
State,COVID-19,3,91,0.4171663820743561,0.4124162495136261,0.46431124210357666,0.5433751344680786,0.0010000000474974513
State,COVID-19,3,92,0.31798502802848816,0.41364169120788574,0.43329548835754395,0.5450059175491333,0.0010000000474974513
State,COVID-19,3,93,0.5673550963401794,0.41805726289749146,0.5839887857437134,0.5502731204032898,0.0010000000474974513
State,COVID-19,3,94,0.420071542263031,0.41738763451576233,0.5248138904571533,0.5492886304855347,0.0010000000474974513
State,COVID-19,3,95,0.4221220314502716,0.4179466664791107,0.4711129665374756,0.5496129989624023,0.0010000000474974513
State,COVID-19,3,96,0.5412081480026245,0.41709378361701965,0.6179973483085632,0.549619734287262,0.0010000000474974513
State,COVID-19,3,97,0.6452469825744629,0.4155138432979584,0.6664395332336426,0.5481087565422058,0.0010000000474974513
State,COVID-19,3,98,0.3716707229614258,0.4232240915298462,0.4630453586578369,0.5528225302696228,0.0010000000474974513
State,COVID-19,3,99,0.5316160917282104,0.42516642808914185,0.6075124740600586,0.5539817810058594,5.000000237487257e-4
State,COVID-19,3,100,0.38984912633895874,0.42752665281295776,0.5075296759605408,0.5550491809844971,5.000000237487257e-4
State,COVID-19,3,101,0.41785988211631775,0.43000513315200806,0.4463340640068054,0.556704044342041,5.000000237487257e-4
State,COVID-19,3,102,0.4982227087020874,0.42858144640922546,0.5894734859466553,0.5561587810516357,5.000000237487257e-4
State,COVID-19,4,1,1.7462263107299805,0.8273468613624573,0.9444453716278076,0.6769827604293823,0.0020000000949949026
State,COVID-19,4,2,1.995192289352417,0.7878918051719666,1.0617091655731201,0.6677504181861877,0.0020000000949949026
State,COVID-19,4,3,1.5887987613677979,0.7464708089828491,0.9177624583244324,0.6603509783744812,0.0020000000949949026
State,COVID-19,4,4,1.9132295846939087,0.7084932923316956,1.0288910865783691,0.6521133780479431,0.0020000000949949026
State,COVID-19,4,5,1.471959114074707,0.6737158298492432,0.8816984295845032,0.6416070461273193,0.0020000000949949026
State,COVID-19,4,6,1.2379000186920166,0.652633011341095,0.8641585111618042,0.6353161931037903,0.0020000000949949026
State,COVID-19,4,7,1.0915725231170654,0.6384908556938171,0.8139086961746216,0.6332972049713135,0.0020000000949949026
State,COVID-19,4,8,1.0114432573318481,0.6272401213645935,0.752039909362793,0.6339972019195557,0.0020000000949949026
State,COVID-19,4,9,1.0074782371520996,0.6189997792243958,0.8069363832473755,0.6348259449005127,0.0020000000949949026
State,COVID-19,4,10,1.3317476511001587,0.6097009181976318,0.8838567733764648,0.634560763835907,0.0020000000949949026
State,COVID-19,4,11,1.1590033769607544,0.6046238541603088,0.8122539520263672,0.6362594366073608,0.0020000000949949026
State,COVID-19,4,12,1.0117710828781128,0.597115695476532,0.7328090071678162,0.6351475715637207,0.0020000000949949026
State,COVID-19,4,13,1.0298123359680176,0.590008556842804,0.7850439548492432,0.6333849430084229,0.0020000000949949026
State,COVID-19,4,14,0.8798739314079285,0.5857682228088379,0.7447036504745483,0.6324112415313721,0.0020000000949949026
State,COVID-19,4,15,0.9797347784042358,0.5825199484825134,0.763187050819397,0.6337113380432129,0.0020000000949949026
State,COVID-19,4,16,1.0064904689788818,0.5783209204673767,0.75974273681640625,0.6337096691131592,0.0020000000949949026
State,COVID-19,4,17,0.9003294110298157,0.5741898417472839,0.7981947064399719,0.6328725218772888,0.0020000000949949026
State,COVID-19,4,18,0.7196258306503296,0.5698835253715515,0.6294780969619751,0.6321067214012146,0.0020000000949949026
State,COVID-19,4,19,0.7831980586051941,0.5684617757797241,0.6756772398948669,0.6339221000671387,0.0020000000949949026
State,COVID-19,4,20,0.9198516607284546,0.56601482629776,0.7690085768699646,0.6357114911079407,0.0020000000949949026
State,COVID-19,4,21,0.605220377445221,0.5623958706855774,0.6084377765655518,0.6362572908401489,0.0020000000949949026
State,COVID-19,4,22,0.7484647631645203,0.5578029155731201,0.6450281143188477,0.6359615325927734,0.0020000000949949026
State,COVID-19,4,23,0.8353618383407593,0.5591968297958374,0.7512761354446411,0.6382155418395996,0.0020000000949949026
State,COVID-19,4,24,0.605454683303833,0.5568493604660034,0.6234843730926514,0.639168918132782,0.0020000000949949026
State,COVID-19,4,25,0.6097081899642944,0.557307243347168,0.626352846622467,0.6414682865142822,0.0020000000949949026
State,COVID-19,4,26,0.8217440843582153,0.5587655305862427,0.7354860305786133,0.6435007452964783,0.0020000000949949026
State,COVID-19,4,27,0.8157937526702881,0.55886077880859375,0.7124770879745483,0.6449424028396606,0.0020000000949949026
State,COVID-19,4,28,0.7784847021102905,0.5583798885345459,0.6786791086196899,0.6450062990188599,0.0020000000949949026
State,COVID-19,4,29,0.6839853525161743,0.5596055388450623,0.6719216108322144,0.6455724239349365,0.0020000000949949026
State,COVID-19,4,30,0.7169471979141235,0.5620907545089722,0.6784763336181641,0.6464839577674866,0.0020000000949949026
State,COVID-19,4,31,0.47808653116226196,0.5610886812210083,0.544940173625946,0.646409273147583,0.0020000000949949026
State,COVID-19,4,32,0.6095235347747803,0.5642186999320984,0.6289923191070557,0.6492897868156433,0.0020000000949949026
State,COVID-19,4,33,0.6527724862098694,0.5638696551322937,0.6448227167129517,0.6506714224815369,0.0010000000474974513
State,COVID-19,4,34,0.5634362101554871,0.5636080503463745,0.5877111554145813,0.6519102454185486,0.0010000000474974513
State,COVID-19,4,35,0.550220251083374,0.5620253086090088,0.5540187954902649,0.6519418358802795,0.0010000000474974513
State,COVID-19,4,36,0.6357502341270447,0.5611184239387512,0.6279642581939697,0.6521002054214478,0.0010000000474974513
State,COVID-19,4,37,0.6066802740097046,0.5577290058135986,0.6055914759635925,0.6506330966949463,0.0010000000474974513
State,COVID-19,4,38,0.639066219329834,0.5539101362228394,0.6089596748352051,0.6487829685211182,0.0010000000474974513
State,COVID-19,4,39,0.5352826118469238,0.5506081581115723,0.5090786218643188,0.6473809480667114,0.0010000000474974513
State,COVID-19,4,40,0.8156575560569763,0.5453426837921143,0.708250880241394,0.64443039894104,0.0010000000474974513
State,COVID-19,4,41,0.5375425219535828,0.5415792465209961,0.584667444229126,0.6425846815109253,0.0010000000474974513
State,COVID-19,4,42,0.6882985830307007,0.5400040745735168,0.6632406115531921,0.6414339542388916,0.0010000000474974513
State,COVID-19,4,43,0.5391618013381958,0.5381726026535034,0.5023899674415588,0.6401550769805908,0.0010000000474974513
State,COVID-19,4,44,0.569900631904602,0.5342828631401062,0.6232631206512451,0.6377873420715332,0.0010000000474974513
State,COVID-19,4,45,0.6613141894340515,0.5333132147789001,0.6123381853103638,0.6372827291488647,0.0010000000474974513
State,COVID-19,4,46,0.7414464950561523,0.5320497155189514,0.7252576947212219,0.6360971927642822,0.0010000000474974513
State,COVID-19,4,47,0.6270497441291809,0.5292751789093018,0.6216510534286499,0.6336877942085266,0.0010000000474974513
State,COVID-19,4,48,0.5802938938140869,0.5266614556312561,0.58936607837677,0.6328983306884766,0.0010000000474974513
State,COVID-19,4,49,0.5736133456230164,0.520977258682251,0.6347534656524658,0.6302791237831116,0.0010000000474974513
State,COVID-19,4,50,0.7548567652702332,0.513279378414154,0.7455321550369263,0.624891996383667,0.0010000000474974513
State,COVID-19,4,51,0.593707799911499,0.5046414732933044,0.6417568922042847,0.619870662689209,0.0010000000474974513
State,COVID-19,4,52,0.4978434443473816,0.49995529651641846,0.5935906767845154,0.617150068283081,0.0010000000474974513
State,COVID-19,4,53,0.47734391689300537,0.4929084777832031,0.54877769947052,0.6130204796791077,0.0010000000474974513
State,COVID-19,4,54,0.9346784353256226,0.4905458092689514,0.7498427033424377,0.6105390787124634,0.0010000000474974513
State,COVID-19,4,55,0.5657325983047485,0.4893347918987274,0.590484619140625,0.6083743572235107,0.0010000000474974513
State,COVID-19,4,56,0.511890172958374,0.48919248580932617,0.5885077118873596,0.608226478099823,0.0010000000474974513
State,COVID-19,4,57,0.6233749985694885,0.489156037569046,0.603087842464447,0.6077781319618225,0.0010000000474974513
State,COVID-19,4,58,0.7437341213226318,0.48686280846595764,0.7429075241088867,0.606203019618988,0.0010000000474974513
State,COVID-19,4,59,0.5462445020675659,0.4822617769241333,0.592745304107666,0.603958010673523,0.0010000000474974513
State,COVID-19,4,60,0.4070253372192383,0.4739370346069336,0.47587090730667114,0.5986810326576233,0.0010000000474974513
State,COVID-19,4,61,0.49178528785705566,0.4706103503704071,0.551956832408905,0.59700775146484375,0.0010000000474974513
State,COVID-19,4,62,0.6151645183563232,0.4686990976333618,0.6585208773612976,0.5965957045555115,0.0010000000474974513
State,COVID-19,4,63,0.6487586498260498,0.4691275358200073,0.6542890071868896,0.5992910861968994,0.0010000000474974513
State,COVID-19,4,64,0.7534470558166504,0.47045210003852844,0.7073873281478882,0.602319061756134,0.0010000000474974513
State,COVID-19,4,65,0.6044960618019104,0.4702322781085968,0.6246592998504639,0.6025320291519165,0.0010000000474974513
State,COVID-19,4,66,0.4175815284252167,0.4713986814022064,0.5151126980781555,0.6031987071037292,0.0010000000474974513
State,COVID-19,4,67,0.5136078596115112,0.47389617562294006,0.5764064788818359,0.6056272983551025,0.0010000000474974513
State,COVID-19,4,68,0.6696442365646362,0.4737454652786255,0.6513916850090027,0.6057608723640442,0.0010000000474974513
State,COVID-19,4,69,0.5616962909698486,0.47631871700286865,0.5966179370880127,0.6083645224571228,0.0010000000474974513
State,COVID-19,4,70,0.4119001030921936,0.4791785776615143,0.5017654895782471,0.6114950180053711,0.0010000000474974513
State,COVID-19,4,71,0.564822793006897,0.47721216082572937,0.5986728668212891,0.6114859580993652,5.000000237487257e-4
State,COVID-19,4,72,0.4493778347969055,0.4753075838088989,0.5528701543807983,0.6113229990005493,5.000000237487257e-4
State,COVID-19,4,73,0.5359001159667969,0.4758375585079193,0.5593738555908203,0.6126440763473511,5.000000237487257e-4
State,COVID-19,4,74,0.6048730611801147,0.4714183211326599,0.6298855543136597,0.61147141456604,5.000000237487257e-4
State,COVID-19,4,75,0.6327410340309143,0.4681413471698761,0.6557897329330444,0.609356164932251,5.000000237487257e-4
State,COVID-19,4,76,0.6646045446395874,0.46705737709999084,0.6897917985916138,0.609263002872467,5.000000237487257e-4
State,COVID-19,4,77,0.6783664226531982,0.46335622668266296,0.6376566886901855,0.6066820621490479,5.000000237487257e-4
State,COVID-19,4,78,0.5559279322624207,0.4623345136642456,0.5784629583358765,0.6052905321121216,5.000000237487257e-4
State,COVID-19,4,79,0.356181800365448,0.46207889914512634,0.4941733479499817,0.6043069362640381,5.000000237487257e-4
State,COVID-19,4,80,0.5010728240013123,0.45998653769493103,0.5745959281921387,0.6024237871170044,5.000000237487257e-4
State,COVID-19,4,81,0.35800701379776,0.4582560956478119,0.4686880111694336,0.6009505391120911,5.000000237487257e-4
State,COVID-19,4,82,0.587542712688446,0.458478718996048,0.5871180295944214,0.6010124683380127,5.000000237487257e-4
State,COVID-19,4,83,0.6508504152297974,0.4572463035583496,0.644381046295166,0.5993949174880981,5.000000237487257e-4
State,COVID-19,4,84,0.5704368352890015,0.4571991562843323,0.5901119709014893,0.5990650057792664,5.000000237487257e-4
State,COVID-19,4,85,0.5721525549888611,0.45459625124931335,0.6106728315353394,0.5972566604614258,5.000000237487257e-4
State,COVID-19,4,86,0.5976084470748901,0.45871326327323914,0.6287522315979004,0.5990936756134033,5.000000237487257e-4
State,COVID-19,4,87,0.6822575926780701,0.45820680260658264,0.629263699054718,0.5981018543243408,5.000000237487257e-4
State,COVID-19,4,88,0.5143762826919556,0.45919111371040344,0.568961501121521,0.5982545018196106,5.000000237487257e-4
State,COVID-19,4,89,0.6630324125289917,0.4553079605102539,0.6645125150680542,0.5944800972938538,5.000000237487257e-4
State,COVID-19,4,90,0.5265879034996033,0.45282983779907227,0.5502780675888062,0.5906051397323608,5.000000237487257e-4
State,COVID-19,4,91,0.6348588466644287,0.4524502158164978,0.6761060953140259,0.589406430721283,5.000000237487257e-4
State,COVID-19,4,92,0.5323141813278198,0.45021331310272217,0.6022821068763733,0.5874317288398743,5.000000237487257e-4
State,COVID-19,4,93,0.4369478225708008,0.44742563366889954,0.5366621017456055,0.5848292112350464,5.000000237487257e-4
State,COVID-19,4,94,0.34882989525794983,0.44514116644859314,0.49089863896369934,0.582641065120697,5.000000237487257e-4
State,COVID-19,4,95,0.5068908333778381,0.44175705313682556,0.5898947715759277,0.5799527764320374,5.000000237487257e-4
State,COVID-19,4,96,0.35329246520996094,0.43624788522720337,0.45840412378311157,0.5747387409210205,5.000000237487257e-4
State,COVID-19,4,97,0.3651125729084015,0.43171489238739014,0.4809895157814026,0.5706600546836853,5.000000237487257e-4
State,COVID-19,4,98,0.6754359006881714,0.43106991052627563,0.6646828055381775,0.5701521635055542,5.000000237487257e-4
State,COVID-19,4,99,0.5918405055999756,0.42767858505249023,0.610058069229126,0.5662810206413269,5.000000237487257e-4
State,COVID-19,4,100,0.29667598009109497,0.42633697390556335,0.42570826411247253,0.5650336742401123,5.000000237487257e-4
State,COVID-19,4,101,0.48127251863479614,0.4244235157966614,0.5524024367332458,0.5637324452400208,5.000000237487257e-4
State,COVID-19,4,102,0.5038992762565613,0.4228132665157318,0.5509377717971802,0.5613200664520264,5.000000237487257e-4
State,COVID-19,4,103,0.573493242263794,0.42526596784591675,0.6326462030410767,0.5625396370887756,5.000000237487257e-4
State,COVID-19,4,104,0.4122987389564514,0.4252997934818268,0.5208600163459778,0.5621286034584045,5.000000237487257e-4
State,COVID-19,4,105,0.5042043328285217,0.4245920777320862,0.5209857225418091,0.5615184307098389,5.000000237487257e-4
State,COVID-19,4,106,0.5459107160568237,0.4263819456100464,0.6166678071022034,0.5623688101768494,5.000000237487257e-4
State,COVID-19,4,107,0.6234090328216553,0.4264695346355438,0.6678649187088013,0.562337338924408,5.000000237487257e-4
State,COVID-19,4,108,0.5446453094482422,0.42746421694755554,0.564612865447998,0.5622365474700928,5.000000237487257e-4
State,COVID-19,4,109,0.5472366809844971,0.4231322705745697,0.6188837885856628,0.558955192565918,5.000000237487257e-4
State,COVID-19,4,110,0.7040645480155945,0.4232790172100067,0.6449406147003174,0.5593335628509521,5.000000237487257e-4
State,COVID-19,4,111,0.606506884098053,0.4222567677497864,0.564391553401947,0.5590425133705139,2.500000118743628e-4
State,COVID-19,4,112,0.41300472617149353,0.4227405786514282,0.5319116115570068,0.5595866441726685,2.500000118743628e-4
State,COVID-19,4,113,0.45227646827697754,0.4228160083293915,0.48372113704681396,0.5599839687347412,2.500000118743628e-4
State,COVID-19,4,114,0.43910178542137146,0.42271688580513,0.5154973268508911,0.5604280829429626,2.500000118743628e-4
State,COVID-19,4,115,0.5058621764183044,0.42048943042755127,0.5371992588043213,0.5595510005950928,2.500000118743628e-4
State,COVID-19,4,116,0.5425435900688171,0.4207267761230469,0.5707671642303467,0.5603460669517517,2.500000118743628e-4
State,COVID-19,4,117,0.5388426184654236,0.4205036163330078,0.5436878204345703,0.5605877637863159,2.500000118743628e-4
State,COVID-19,4,118,0.6300034523010254,0.4212561249732971,0.6597461700439453,0.5611220002174377,2.500000118743628e-4
State,COVID-19,4,119,0.472380131483078,0.4220131039619446,0.5674717426300049,0.5621930956840515,2.500000118743628e-4
State,COVID-19,4,120,0.34199103713035583,0.422218382358551,0.467270165681839,0.5624967813491821,2.500000118743628e-4
State,COVID-19,4,121,0.5556061863899231,0.42168718576431274,0.5667463541030884,0.5625851154327393,2.500000118743628e-4
State,COVID-19,4,122,0.5370121002197266,0.42086395621299744,0.4867333769798279,0.5627337694168091,2.500000118743628e-4
State,COVID-19,4,123,0.4010262191295624,0.42067384719848633,0.5220686197280884,0.5620895624160767,2.500000118743628e-4
State,COVID-19,4,124,0.4359109401702881,0.41858717799186707,0.5249744057655334,0.560258150100708,1.250000059371814e-4
State,COVID-19,4,125,0.6123387217521667,0.419884592294693,0.6123065948486328,0.561145544052124,1.250000059371814e-4
State,COVID-19,4,126,0.4780815839767456,0.4211335778236389,0.49524015188217163,0.5617689490318298,1.250000059371814e-4
State,COVID-19,4,127,0.6316601634025574,0.4209703207015991,0.6522902250289917,0.5623883605003357,1.250000059371814e-4
State,COVID-19,4,128,0.7447072267532349,0.42247873544692993,0.7065207958221436,0.5641382932662964,1.250000059371814e-4
State,COVID-19,4,129,0.5043903589248657,0.4231093227863312,0.5639498233795166,0.5638371706008911,1.250000059371814e-4
State,COVID-19,4,130,0.41398805379867554,0.42361122369766235,0.5354797840118408,0.5639544725418091,1.250000059371814e-4
State,COVID-19,4,131,0.453766793012619,0.423759400844574,0.5506240129470825,0.56369549036026,1.250000059371814e-4
State,COVID-19,4,132,0.5515097379684448,0.42438602447509766,0.613045334815979,0.564502477645874,1.250000059371814e-4
State,COVID-19,4,133,0.5163125395774841,0.42469945549964905,0.5345396399497986,0.5649120807647705,6.25000029685907e-5
State,COVID-19,4,134,0.5752382278442383,0.4248216450214386,0.6319817900657654,0.5645933151245117,6.25000029685907e-5
State,COVID-19,4,135,0.4759339690208435,0.42333629727363586,0.577730119228363,0.5632096529006958,6.25000029685907e-5
State,COVID-19,4,136,0.44133689999580383,0.42352738976478577,0.5344524383544922,0.5634776949882507,6.25000029685907e-5
State,COVID-19,4,137,0.4525468349456787,0.4233979880809784,0.5523615479469299,0.56320720911026,6.25000029685907e-5
State,COVID-19,4,138,0.30144789814949036,0.42238378524780273,0.43777552247047424,0.5627418160438538,6.25000029685907e-5
State,COVID-19,4,139,0.5645722150802612,0.4266740083694458,0.5697753429412842,0.5654196739196777,6.25000029685907e-5
State,COVID-19,4,140,0.42614465951919556,0.4291013479232788,0.528474748134613,0.5663536787033081,6.25000029685907e-5
State,COVID-19,4,141,0.5641372799873352,0.427395761013031,0.6343495845794678,0.5649769306182861,3.125000148429535e-5
State,COVID-19,4,142,0.6391789317131042,0.42677363753318787,0.6529884934425354,0.5640900731086731,3.125000148429535e-5
State,COVID-19,4,143,0.5008076429367065,0.4269525706768036,0.5774649381637573,0.5640568733215332,3.125000148429535e-5
State,COVID-19,4,144,0.5510745048522949,0.42762523889541626,0.6421480178833008,0.5648941397666931,3.125000148429535e-5
State,COVID-19,5,1,1.7455272674560547,1.1902817487716675,1.1271626949310303,0.7277356386184692,0.0020000000949949026
State,COVID-19,5,2,1.7241514921188354,1.2452893257141113,1.0414814949035645,0.7405363321304321,0.0020000000949949026
State,COVID-19,5,3,1.6701691150665283,1.2988619804382324,1.0952584743499756,0.755033016204834,0.0020000000949949026
State,COVID-19,5,4,1.552956461906433,1.3475221395492554,1.0166224241256714,0.7747981548309326,0.0020000000949949026
State,COVID-19,5,5,1.268251657485962,1.3811908960342407,0.8941047191619873,0.7905876040458679,0.0020000000949949026
State,COVID-19,5,6,1.33607816696167,1.3827778100967407,0.9809638857841492,0.7978861331939697,0.0020000000949949026
State,COVID-19,5,7,1.134276270866394,1.3954559564590454,0.9371911287307739,0.8090075254440308,0.0020000000949949026
State,COVID-19,5,8,1.2592631578445435,1.4197564125061035,0.9866607189178467,0.8205093741416931,0.0020000000949949026
State,COVID-19,5,9,0.8696027994155884,1.4416046142578125,0.7603997588157654,0.8283894062042236,0.0020000000949949026
State,COVID-19,5,10,1.0484418869018555,1.452357292175293,0.8652092218399048,0.8338181972503662,0.0010000000474974513
State,COVID-19,5,11,1.1679739952087402,1.454522967338562,0.8882880806922913,0.8361380696296692,0.0010000000474974513
State,COVID-19,5,12,1.21882963180542,1.4614135026931763,0.9178600907325745,0.8393761515617371,0.0010000000474974513
State,COVID-19,5,13,0.9359485507011414,1.463487982749939,0.8060115575790405,0.8409695029258728,0.0010000000474974513
State,COVID-19,5,14,1.0482672452926636,1.4580572843551636,0.7722295522689819,0.8429920077323914,0.0010000000474974513
State,COVID-19,5,15,0.822107195854187,1.457420825958252,0.7376939058303833,0.8442175388336182,0.0010000000474974513
State,COVID-19,5,16,0.9992281794548035,1.4493567943572998,0.8188085556030273,0.8431233167648315,0.0010000000474974513
State,COVID-19,5,17,0.977922797203064,1.4427459239959717,0.8218093514442444,0.8426035642623901,0.0010000000474974513
State,COVID-19,5,18,0.859545111656189,1.4398713111877441,0.7845299243927002,0.8415765762329102,5.000000237487257e-4
State,COVID-19,5,19,1.1041717529296875,1.4404031038284302,0.8641436100006104,0.8421735763549805,5.000000237487257e-4
State,COVID-19,5,20,0.9613011479377747,1.4419351816177368,0.8104322552680969,0.8428629636764526,5.000000237487257e-4
State,COVID-19,5,21,0.9863783121109009,1.4403361082077026,0.8357107639312744,0.8421440720558167,5.000000237487257e-4
